Number,Address,List Date,Price,Days on market,Total floor area,Year Built,Age,Lot Size
1,GRAVELEY STREET,5/8/2020,1500000,18,2447,1946,74,5674.0
2,E 28TH AVENUE,1/22/2020,1300000,7,2146,1982,38,3631.98
3,W 49TH AVENUE,6/18/2019,2650000,1,3108,1929,90,9111.0
4,TRIUMPH STREET,6/18/2019,1385000,28,2602,1922,97,4022.7
5,741-743 E 10TH AVENUE,11/28/2019,1590000,17,1843,1970,49,4026.0
6,W 21ST AVENUE,3/3/2020,2565000,7,2439,1989,31,4026.0
7,E 54TH AVENUE,8/12/2019,1303000,9,2100,1979,40,3298.48
8,E 57TH AVENUE,6/13/2019,1150000,10,1900,1950,69,6574.82
9,TRIMBLE STREET,8/16/2019,2500000,10,2133,2005,14,3360.0
10,E 60TH AVENUE,10/17/2019,2400000,44,3989,2019,0,4412.0
11,W 42ND AVENUE,10/24/2019,2870000,22,3509,1995,24,5859.0
12,INVERNESS STREET,9/23/2019,1355000,71,1902,1926,93,3196.85
13,FRENCH STREET,3/20/2019,1638000,168,2317,1988,31,3752.1
14,W 38TH AVENUE,5/25/2020,2880000,2,2286,1941,79,5808.0
15,E PENDER STREET,2/11/2020,1270000,1,3128,1910,110,5424.0
16,PERRY STREET,2/3/2020,1175000,25,1368,1948,72,3644.1
17,W 30TH AVENUE,10/30/2019,2725000,12,3222,1936,83,5676.75
18,E 28TH AVENUE,1/5/2020,1910000,37,3011,2020,0,3465.0
19,PRINCE ALBERT STREET,1/6/2020,1181000,60,1929,1923,97,3484.8
20,E 4TH AVENUE,3/23/2020,2489000,4,3452,2001,19,4550.0
21,COMMERCIAL STREET,8/7/2019,1480000,31,2373,1992,27,3877.5
22,RUPERT STREET,4/23/2019,1300000,108,2610,1971,48,4127.13
23,LARCH STREET,10/26/2019,2700000,65,2602,1925,95,6227.1
24,E 62ND AVENUE,2/3/2020,1300000,22,1920,1968,52,3267.0
25,E 23RD AVENUE,7/16/2019,2910000,7,3330,2019,0,4048.0
26,BONNYVALE AVENUE,5/28/2019,1498000,16,2150,1953,66,5607.1
27,ARGYLE STREET,3/28/2019,2240000,143,3612,2019,0,4108.5
28,WINDSOR STREET,3/16/2020,2275000,5,3316,1925,95,4026.0
29,E 27TH AVENUE,5/22/2019,1410000,22,3166,2019,0,3630.0
30,E 60TH AVENUE,5/1/2020,1240000,4,1600,1949,71,4082.34
31,W 24TH AVENUE,2/19/2020,2823000,59,2819,2010,10,4026.0
32,E 2ND AVENUE,6/17/2019,2175000,41,2729,1912,107,4026.0
33,E 13TH AVENUE,8/16/2019,1498000,2,1799,1949,70,4026.0
34,SHERBROOKE STREET,6/7/2019,1200000,75,1762,1954,65,4312.0
35,E 18TH AVENUE,7/3/2019,2015000,24,3119,2018,1,3630.0
36,GRANT STREET,4/2/2020,1610000,7,2951,1940,80,4356.0
37,E 63RD AVENUE,11/18/2019,1570000,17,2560,1959,60,5580.0
38,STEPHENS STREET,1/21/2020,1430000,86,1963,1911,109,2045.75
39,WILTSHIRE STREET,7/8/2019,2100000,2,2450,1956,63,6000.0
40,W 38TH AVENUE,4/20/2020,2898000,7,2792,1924,96,6525.0
41,JOYCE STREET,11/28/2018,1400000,308,2000,1949,70,6187.5
42,GATINEAU PLACE,11/12/2019,1677000,21,3036,1962,57,6033.0
43,PANDORA STREET,2/4/2020,1700000,36,2500,1984,36,4026.0
44,W 16TH AVENUE,7/3/2019,2800000,136,3095,1946,73,8871.25
45,QUEBEC STREET,6/11/2019,1600000,8,1122,1946,73,4121.0
46,E 28TH AVENUE,9/3/2019,1580000,3,2214,1914,105,4026.0
47,KNIGHT STREET,6/14/2019,967000,2,1958,1949,70,4026.0
48,CORNISH STREET,10/31/2019,2300000,2,3094,1996,23,5163.0
49,E 57TH AVENUE,7/16/2019,1650000,69,2362,2013,6,3388.0
50,E 13TH AVENUE,1/7/2020,1605000,6,2381,1912,108,4026.0
51,E 54TH AVENUE,4/3/2020,1175000,25,2256,1963,57,3874.0
52,DAWSON STREET,4/14/2020,2630000,20,4704,2013,7,5640.0
53,VICTORIA DRIVE,3/24/2020,1300000,6,2167,1926,94,4895.0
54,W 59TH AVENUE,7/25/2019,2320000,20,3189,1988,31,5280.0
55,ISABEL PLACE,10/9/2019,2390000,2,3320,2009,10,5827.0
56,W 21ST AVENUE,3/3/2020,2215000,6,2033,1928,92,4026.0
57,E 49TH AVENUE,8/27/2019,1370000,34,2628,1966,53,4635.87
58,INVERNESS STREET,3/2/2020,1915000,7,2805,1945,75,5194.0
59,ONTARIO STREET,4/27/2020,2028000,6,2300,1990,30,3700.0
60,E 27TH AVENUE,2/13/2020,1188000,4,2132,1927,93,3696.0
61,E 54TH AVENUE,7/2/2019,2333333,260,3311,2019,1,4026.0
62,HAZELTON STREET,6/4/2019,1235000,110,1521,1950,69,4726.48
63,W 7TH AVENUE,3/31/2019,1910000,134,2158,1985,34,3719.0
64,E 11TH AVENUE,10/16/2019,1178000,87,1600,1912,108,3175.0
65,E 47TH AVENUE,7/8/2019,1240000,205,2125,1964,56,5112.0
66,E 18TH AVENUE,8/6/2019,1225000,32,2066,1947,72,3630.0
67,MAIN STREET,1/7/2020,1200000,3,1625,1949,71,3452.49
68,E 33RD AVENUE,10/10/2019,1800000,97,2711,2013,7,3795.0
69,E 53RD AVENUE,6/26/2019,1295000,0,2214,1907,112,3385.6
70,VIVIAN STREET,6/26/2019,2820000,6,4987,2018,1,5631.36
71,E 5TH AVENUE,6/4/2019,2199900,125,3455,2015,4,4026.0
72,NEWPORT AVENUE,6/3/2019,1890000,87,2881,2008,11,4816.0
73,W 46TH AVENUE,5/22/2019,2350000,50,1682,1963,56,7102.0
74,E 20TH AVENUE,11/8/2019,1200000,12,2661,1968,51,3638.02
75,INVERNESS STREET,10/16/2019,2435000,97,3130,2018,2,3542.0
76,ELGIN STREET,9/2/2019,1500000,16,2312,1912,107,3542.4
77,NAPIER STREET,8/28/2019,1205000,67,2253,1989,30,3631.5
78,E 56TH AVENUE,12/9/2019,1250000,8,3107,1938,81,4102.0
79,HAZELTON STREET,12/31/2019,1500000,7,1984,2002,18,3546.18
80,W 13TH AVENUE,3/31/2020,2600000,3,2177,1925,95,4026.0
81,ADANAC STREET,3/4/2020,1300000,5,2523,1912,108,3396.8
82,E 50TH AVENUE,8/22/2019,1471500,71,2548,1982,37,4290.0
83,E 7TH AVENUE,2/20/2020,1260000,4,2273,1950,70,4026.0
84,W 36TH AVENUE,2/18/2020,3000000,8,2982,1930,90,6512.5
85,W 15TH AVENUE,12/16/2019,2400000,86,2936,1929,91,6250.0
86,TRIUMPH STREET,4/14/2020,1250000,13,2554,1931,89,4026.0
87,FLEMING STREET,10/16/2019,2300000,48,3394,2016,3,4092.0
88,E 11TH AVENUE,6/3/2019,1800000,21,2691,1922,97,6286.5
89,W 40TH AVENUE,10/22/2019,2955000,110,3196,1996,24,5488.0
90,W 35TH AVENUE,5/15/2020,2355000,7,2667,1940,80,4797.0
91,TURNER STREET,6/21/2019,1212500,30,1906,1941,78,3630.0
92,DUNBAR STREET,7/29/2019,1925000,5,3191,1927,92,4197.6
93,MUIRFIELD DRIVE,10/30/2019,1908000,11,3227,1997,22,5391.31
94,E 4TH AVENUE,3/18/2020,1260000,8,1236,1927,93,3900.0
95,W 8TH AVENUE,8/26/2019,2100000,64,1911,1926,93,3719.0
96,E 22ND AVENUE,3/4/2020,1100000,13,1604,1938,82,3960.0
97,W 22ND AVENUE,5/12/2020,2689000,0,1402,1926,94,5124.0
98,E 4TH AVENUE,2/24/2020,1225000,8,1702,1952,68,4092.0
99,W 3RD AVENUE,2/28/2020,2550000,42,1800,1946,74,4872.0
100,WELLINGTON AVENUE,10/23/2019,1550000,4,2265,1949,70,7213.0
101,PENTICTON STREET,2/15/2020,1508000,4,1674,1949,71,4045.0
102,W 20TH AVENUE,5/21/2019,2296000,41,2334,2000,19,3288.6
103,TURNER STREET,5/27/2019,2047619,122,3748,2019,0,4356.0
104,E 2ND AVENUE,10/18/2019,1420000,13,2005,1929,90,4026.0
105,E KING EDWARD AVENUE,1/29/2020,1988000,19,2660,2006,14,5907.0
106,ADANAC STREET,8/8/2019,1100000,34,2439,1976,43,3507.9
107,E 20TH AVENUE,9/11/2019,2648000,8,3814,2020,0,6039.0
108,E 50TH AVENUE,10/17/2019,1470000,30,2160,1995,24,3600.0
109,KITCHENER STREET,7/15/2019,1360000,23,2596,1980,39,4191.0
110,W 22ND AVENUE,8/27/2019,2408000,70,2953,1989,30,4026.0
111,E 27TH AVENUE,2/5/2020,2152000,56,3416,2020,0,3960.0
112,PEVERIL AVENUE,9/11/2019,2500000,64,2181,1942,77,5893.0
113,E 28TH AVENUE,11/18/2019,2068000,8,3657,1914,105,4268.88
114,SHAUGHNESSY STREET,1/12/2020,2025000,21,2360,1994,26,3964.23
115,E 24TH AVENUE,6/26/2019,1125000,25,1499,1912,107,3959.0
116,W 45TH AVENUE,10/10/2019,1940000,7,3010,1915,104,3960.0
117,W 15TH AVENUE,3/16/2020,1480000,41,1005,1987,33,2013.17
118,JASPER CRESCENT,1/15/2020,1550000,1,2860,1990,30,4658.0
119,W 21ST AVENUE,3/20/2019,2480000,183,2923,1994,25,4880.0
120,KOOTENAY STREET,10/21/2019,1361500,44,2065,1995,25,3348.0
121,ISLAND AVENUE,5/14/2019,862500,119,1800,1991,28,3418.0
122,TRIUMPH STREET,8/6/2019,1150000,57,1967,1928,91,4026.0
123,RUPERT STREET,10/15/2019,1350000,0,2099,1999,20,3498.0
124,VIVIAN STREET,4/5/2019,2361905,91,3906,2018,1,4800.0
125,STEPHENS STREET,6/3/2019,1750000,5,2385,1912,107,2871.0
126,E 41ST AVENUE,11/29/2019,1516789,46,2000,1944,76,5107.0
127,PANDORA STREET,2/26/2020,1200000,14,2033,1911,109,4026.0
128,W 18TH AVENUE,6/25/2019,2548000,34,2170,2011,8,3015.87
129,W 36TH AVENUE,10/21/2019,2900000,58,3715,1940,79,6900.6
130,E 15TH AVENUE,8/9/2019,1150000,21,1504,1975,44,2047.0
131,KITCHENER STREET,10/11/2019,1649000,59,2465,1983,36,4191.0
132,WORTHINGTON DRIVE,7/8/2019,1588000,8,2369,1999,20,4510.0
133,ST. CATHERINES STREET,6/18/2019,1998000,5,1701,1989,30,3050.0
134,INVERNESS STREET,1/21/2019,1120000,327,2230,1911,108,2830.58
135,W 22ND AVENUE,1/13/2020,2985000,12,3275,1960,60,4026.0
136,W 11TH AVENUE,6/24/2019,2030000,152,3107,1928,91,4029.0
137,QUEBEC STREET,9/30/2019,1415000,7,1584,1905,114,1600.0
138,HUDSON STREET,9/17/2019,3000000,55,3503,1987,32,13078.0
139,ST. GEORGE STREET,2/3/2020,1690000,7,2391,1979,41,3994.5
140,ONTARIO STREET,1/21/2020,2650000,20,3011,2017,3,3422.13
141,E 11TH AVENUE,2/10/2020,1910000,10,3611,1902,118,4026.0
142,E 50TH AVENUE,2/25/2019,2440000,158,3777,2014,5,5417.0
143,E 38 AVENUE,2/18/2020,1150000,1,2746,1977,43,4026.0
144,W 59TH AVENUE,10/11/2019,1800000,62,2508,1957,62,6776.02
145,W 45TH AVENUE,8/9/2019,1815000,152,1321,1945,75,4535.0
146,KITCHENER STREET,5/9/2019,1825000,39,3664,1974,45,6287.0
147,E 44TH AVENUE,9/7/2019,1150000,126,1784,1912,108,3807.0
148,E PENDER STREET,9/9/2019,1180000,17,1798,1912,107,2178.0
149,E 47TH AVENUE,3/2/2019,1090000,289,1891,1958,61,3395.7
150,ETON STREET,1/21/2019,1835000,247,3613,1951,68,6100.0
151,E 27TH AVENUE,9/9/2019,1380000,4,1906,1991,28,2966.95
152,CHESTER STREET,3/12/2020,2299000,29,3142,2018,2,3630.0
153,FLEMING STREET,3/2/2020,1380000,9,2250,1953,67,5346.0
154,E 48TH AVENUE,11/14/2019,2415000,40,3870,2014,6,4620.0
155,PRIOR STREET,3/13/2020,1848000,55,3059,1905,115,3302.5
156,E 29TH AVENUE,3/23/2020,1715000,4,2213,1962,58,3960.0
157,GLEN DRIVE,3/19/2020,1574000,47,2868,1912,108,3960.0
158,E 47TH AVENUE,2/17/2020,1290000,11,2209,1971,49,3382.5
159,VICTORIA DRIVE,7/4/2019,1665000,22,2609,1912,107,3267.0
160,BEATRICE STREET,1/21/2020,1300000,7,2418,1962,58,3877.5
161,W 61ST AVENUE,5/14/2019,1915000,128,2117,1987,32,3660.0
162,ST. GEORGE STREET,1/7/2020,2050000,14,1801,2016,4,3019.5
163,ELGIN STREET,2/27/2020,2300000,68,2251,2019,1,3234.0
164,SW MARINE DRIVE,3/10/2020,2685000,70,3490,1955,65,15983.0
165,KERR STREET,7/29/2019,1355000,14,2385,1959,60,5385.0
166,CHARLES STREET,11/11/2019,2175000,58,3658,2019,1,4191.0
167,E BROADWAY,2/10/2020,1748000,4,2420,2006,14,4999.5
168,ARGYLE STREET,9/24/2019,1425000,15,2591,1945,75,6070.0
169,E 41ST AVENUE,7/9/2019,1168000,80,1812,1959,60,3135.0
170,E 63RD AVENUE,9/5/2019,1150000,35,2505,1945,74,4145.57
171,W 16TH AVENUE,5/22/2020,2550000,6,3294,1940,80,6250.0
172,FRANKLIN STREET,2/24/2020,1235000,18,1974,1929,91,4026.0
173,ALAMEIN AVENUE,3/23/2020,2955000,39,2588,1993,27,4171.75
174,E PENDER STREET,6/19/2019,1300000,120,2498,2007,12,5425.0
175,E 11TH AVENUE,2/18/2020,2255000,7,3089,1910,110,4026.0
176,E 55TH AVENUE,6/20/2019,1575000,4,2684,1985,34,3950.0
177,E 10TH AVENUE,2/24/2020,1762000,1,2620,1968,52,6400.0
178,WATERLOO STREET,5/31/2019,1867000,10,2506,1925,94,3960.0
179,PARK DRIVE,5/2/2019,2175000,88,3414,1912,107,5640.0
180,W 48TH AVENUE,2/24/2020,2800000,38,2871,1924,96,5900.0
181,LAUREL STREET,5/6/2019,2090000,243,3000,1951,69,6035.04
182,ELGIN STREET,2/25/2020,1270000,10,1834,1934,86,3300.0
183,AUBREY PLACE,5/9/2019,1675000,103,2074,1960,59,5311.0
184,WORTHINGTON DRIVE,9/25/2019,2140000,7,3445,2012,7,4900.0
185,W 28TH AVENUE,3/23/2020,2610000,62,2441,2014,6,3328.0
186,COMMERCIAL STREET,6/4/2019,1371100,36,2603,1982,37,4052.0
187,BUTLER STREET,5/15/2020,1638000,5,1918,1948,72,5283.23
188,E 11TH AVENUE,11/25/2019,1700000,7,3597,1908,111,4026.0
189,E 46TH AVENUE,12/11/2019,2195000,108,3540,2019,1,4026.0
190,NANAIMO STREET,9/10/2019,1500000,82,2206,1967,52,4760.3
191,E 11TH AVENUE,5/2/2019,1390000,84,3100,1926,93,4026.0
192,MCSPADDEN AVENUE,4/1/2020,1480000,6,2110,1911,109,2500.0
193,E GEORGIA STREET,10/11/2019,1225000,19,2324,1971,48,3850.0
194,HULL STREET,12/18/2019,1325000,6,2400,1918,102,4270.0
195,8361--8365 CARTIER STREET,10/31/2019,1750000,4,2414,1977,42,4052.4
196,SLOCAN STREET,7/4/2019,2150000,55,3453,2019,0,4026.0
197,NANTON AVENUE,3/17/2020,3000000,14,3329,1964,56,7200.0
198,WARD STREET,8/8/2017,1150000,719,1700,1932,87,3366.0
199,W KING EDWARD AVENUE,11/4/2019,2480000,3,2925,1929,90,6039.0
200,FRANKLIN STREET,3/13/2020,1000000,23,938,1922,98,4027.32
201,E 35TH AVENUE,3/16/2020,1520000,7,2182,1995,25,3630.0
202,E 57TH AVENUE,11/5/2019,2171428,30,3491,2019,0,4062.0
203,MCGILL STREET,9/11/2019,1218000,5,1976,1930,89,4022.0
204,E 48TH AVENUE,8/12/2019,1398888,8,2497,1973,46,4026.0
205,W 61ST AVENUE,9/30/2019,2388000,120,3146,1967,53,7670.0
206,E KING EDWARD AVENUE,4/15/2020,1575000,5,1912,1910,110,2188.0
207,E 36TH AVENUE,7/16/2019,1750000,124,3082,2017,2,3657.0
208,RENFREW STREET,8/12/2019,1025000,207,3108,1946,74,4026.0
209,CHESTER STREET,9/23/2019,1150000,1,1547,1929,90,4026.0
210,W 45TH AVENUE,7/5/2019,2258000,38,2814,1971,48,4080.0
211,E 18TH AVENUE,3/13/2020,1818000,8,2369,1913,107,6032.56
212,GRANVILLE STREET,5/29/2019,2228000,30,3363,1945,74,7750.0
213,E 22ND AVENUE,4/29/2019,1155000,71,2007,1961,58,3960.0
214,W 28TH AVENUE,9/3/2019,2150000,10,2767,1935,84,6495.0
215,DUMFRIES STREET,10/22/2019,1415000,21,2474,1972,47,4011.48
216,FRANKLIN STREET,10/29/2019,1225000,9,2142,1913,106,4199.24
217,E 28TH AVENUE,6/17/2019,1840000,7,2232,1964,55,4727.25
218,E 2ND AVENUE,7/2/2019,1330000,23,2098,1958,61,4026.0
219,E 1ST AVENUE,9/12/2019,1288000,12,2705,1975,44,4224.35
220,BURQUITLAM DRIVE,3/19/2019,1888000,136,3867,2005,14,6435.0
221,WAVERLEY AVENUE,6/17/2019,1228000,13,2716,1982,37,3696.0
222,LITTLE STREET,6/17/2019,900000,31,1700,1930,89,3280.0
223,W 22ND AVENUE,5/5/2020,2470000,4,2450,1926,94,4026.0
224,CASSIAR STREET,1/14/2020,1010000,9,2032,1933,87,4026.0
225,ANZIO DRIVE,5/6/2020,1865000,13,3231,2004,16,4950.0
226,W 61ST AVENUE,6/26/2019,2830000,12,3894,1992,27,6500.0
227,KNIGHT STREET,3/18/2020,1199000,5,2666,1965,55,5063.0
228,DUNDAS STREET,11/12/2019,1710000,132,2457,1927,93,3818.6
229,E PENDER STREET,2/18/2020,1851000,6,2580,1912,108,3019.5
230,W 68TH AVENUE,9/3/2019,2012000,27,2361,1992,27,3828.0
231,W 22ND AVENUE,6/18/2019,2700000,52,2195,1911,108,4350.52
232,W 15TH AVENUE,6/17/2019,2248000,26,2468,1987,32,4026.0
233,W 10TH AVENUE,2/5/2020,1885000,8,2317,1927,93,4026.0
234,BROOKS STREET,7/24/2019,1950000,44,3900,1991,28,5245.0
235,WATERLOO STREET,6/17/2019,1999999,4,2065,1947,72,3696.0
236,CULLODEN STREET,3/17/2020,1450000,49,1668,1948,72,5384.0
237,COLLINGWOOD STREET,1/31/2020,1900000,19,2644,1912,108,2400.0
238,WATERLOO STREET,4/15/2020,2650000,23,2958,2004,16,3696.0
239,W 14TH AVENUE,8/26/2019,1445000,73,2425,1910,109,3267.0
240,W 45TH AVENUE,3/13/2019,2880000,213,3749,1927,92,6725.0
241,PRICE STREET,6/19/2019,2070000,5,3573,2018,1,4160.0
242,E 49TH AVENUE,10/15/2018,1275000,305,2990,1958,61,5200.8
243,NIGEL AVENUE,2/10/2020,2556000,16,3000,1990,30,4980.0
244,TURNER STREET,9/12/2019,1450000,91,2229,2004,15,4048.0
245,ST. CATHERINES STREET,6/18/2019,1856500,8,3100,1925,94,4275.4
246,W 6TH AVENUE,9/4/2019,2350000,6,2417,1929,90,3599.64
247,E 7TH AVENUE,2/19/2020,1302000,0,834,1928,92,4026.0
248,W 5TH AVENUE,10/21/2019,2200000,52,2663,1912,107,3300.0
249,INVERNESS STREET,9/20/2019,2250000,23,3550,2018,1,4026.0
250,W 62ND AVENUE,2/26/2020,2430000,20,3313,1927,93,6500.0
251,E 25TH AVENUE,11/28/2019,1298000,15,1925,1955,65,3778.5
252,W 14TH AVENUE,10/2/2019,2383325,2,2121,1928,92,4831.2
253,NANAIMO STREET,10/9/2019,1415000,105,2410,1992,28,4026.0
254,EDDINGTON DRIVE,7/8/2019,2860000,119,4263,1990,29,7222.0
255,E 51ST AVENUE,5/10/2019,1870000,139,3078,1997,22,5124.0
256,W 23RD AVENUE,7/9/2019,2318888,63,2200,1991,28,4026.0
257,SHERBROOKE STREET,2/25/2020,2190476,12,3559,2019,1,3936.0
258,GRANT STREET,3/8/2020,1550000,2,2386,1964,56,4158.0
259,VICTORIA DRIVE,9/16/2019,1264300,161,1600,1929,91,3136.0
260,E 64TH AVENUE,8/21/2019,1808000,114,2876,2013,7,4113.18
261,E 38TH AVENUE,10/18/2019,2556000,7,3456,2019,0,4026.0
262,W 46TH AVENUE,10/1/2019,2378000,67,2731,1924,95,6750.0
263,PRINCE ALBERT STREET,11/29/2019,1365000,0,1733,1953,66,4026.0
264,CHARLES STREET,9/30/2019,1260000,7,1918,1981,38,3268.6
265,ST. GEORGE STREET,8/6/2019,1310000,39,1927,1912,107,3600.0
266,STIRLING STREET,3/4/2020,2274200,27,3529,2010,10,5040.0
267,WATERLOO STREET,2/29/2020,2830000,10,2625,2007,13,3267.0
268,W 7TH AVENUE,2/17/2020,2348500,57,2582,1938,82,3715.8
269,E 35TH AVENUE,2/28/2019,1100000,112,2212,1950,69,3630.0
270,SOPHIA STREET,2/24/2020,1629000,16,2481,1910,110,3603.6
271,FRASER STREET,10/15/2019,1720000,21,2808,1913,106,2646.0
272,W 36TH AVENUE,9/9/2019,2800000,0,2823,1926,93,6512.0
273,W 63RD AVENUE,2/12/2020,1990000,2,2353,1988,32,3957.0
274,PRICE STREET,1/22/2020,1190000,123,1672,1956,64,4570.5
275,E 37TH AVENUE,4/10/2019,1290000,76,2520,1955,64,3916.0
276,E 37TH AVENUE,3/30/2020,1650000,30,2034,1931,89,3936.4
277,W 64TH AVENUE,7/2/2019,1520000,22,1980,1951,68,3799.0
278,E 29TH AVENUE,5/7/2019,1368888,80,2005,2002,17,3731.0
279,E 6TH AVENUE,11/4/2019,1325000,10,1058,1945,74,2500.0
280,SW MARINE DRIVE,8/14/2019,2300000,39,5615,1949,70,11700.0
281,NAPIER STREET,9/16/2019,983000,9,1480,1930,89,3564.0
282,EAST 35TH AVENUE,8/16/2019,1200000,4,1974,1978,41,3214.53
283,FLEMING STREET,10/5/2019,1400000,13,2564,1986,33,4042.5
284,ALMA STREET,2/20/2019,2010000,143,2838,1971,48,6825.0
285,E 16TH AVENUE,5/1/2019,1430000,108,2548,1966,53,4811.45
286,TANNER STREET,7/2/2019,1088000,4,1674,1930,89,3960.0
287,LAKEWOOD DRIVE,5/9/2019,1650000,48,2682,1968,51,4026.0
288,KEEFER STREET,7/15/2019,2051000,8,2915,1901,118,3050.0
289,W 15TH AVENUE,4/24/2019,2300000,108,1930,1928,91,4023.36
290,NORMANDY DRIVE,9/8/2019,1437000,15,2840,1977,42,4510.0
291,JOHN STREET,4/16/2020,1790000,23,1660,1910,110,3678.0
292,W 29TH AVENUE,9/3/2019,2430000,12,2587,1988,31,4296.0
293,E 42ND AVENUE,1/17/2020,2200000,9,3211,2008,12,4880.0
294,W 22ND AVENUE,1/22/2020,2241000,7,2421,1970,50,4026.0
295,E GEORGIA STREET,10/15/2019,1155000,18,1484,1913,106,3547.5
296,E 57 AVENUE,9/10/2019,1560000,94,3098,1960,59,4322.0
297,BEATRICE STREET,10/10/2019,1538100,10,3075,1920,99,3996.0
298,1765-1767 E 15TH AVENUE,4/8/2019,1350000,78,2525,1911,108,4026.0
299,E 18TH AVENUE,5/5/2020,1449000,3,2349,1959,61,4026.0
300,E 4TH AVENUE,3/18/2020,1400000,15,1953,1942,78,4026.0
301,E 63RD AVENUE,11/21/2019,1440000,16,2198,1961,58,5034.0
302,INVERNESS STREET,7/15/2019,1210000,6,1880,1956,63,4092.0
303,COLLINGWOOD STREET,10/25/2019,2025000,6,3185,1912,107,3600.0
304,CARTIER STREET,5/6/2020,1713000,6,1831,1927,93,4026.0
305,W 13TH AVENUE,5/12/2020,2350000,7,2694,1930,90,4026.0
306,E 6TH AVENUE,10/18/2019,1390000,13,2600,1983,36,4026.0
307,HAIG STREET,9/17/2019,2300000,2,3206,2019,0,3846.0
308,W 8TH AVENUE,2/28/2020,2800000,10,2658,1922,98,6000.0
309,DUNDAS STREET,9/30/2019,1125000,22,1974,1952,67,4026.0
310,CYPRESS STREET,5/29/2019,3000000,24,3602,1928,91,8580.0
311,GRAVELEY STREET,7/12/2019,2170000,7,2549,1911,108,4026.0
312,W 3RD AVENUE,8/22/2019,2300000,7,3228,1937,82,3951.75
313,E 48TH AVENUE,11/19/2019,1780000,48,3300,1955,65,6545.0
314,CHAMBERS STREET,3/9/2020,1880000,7,2878,2007,13,4998.0
315,LILLOOET STREET,1/21/2019,815000,134,400,1968,51,3842.0
316,MUNROE CRESCENT,4/27/2020,1580000,3,2895,1973,47,6325.0
317,E 6TH AVENUE,8/19/2019,1899000,6,2433,1924,95,4026.0
318,E 46TH AVENUE,9/30/2019,1130000,15,1709,1962,57,3366.0
319,NAPIER STREET,12/4/2019,2200000,5,3100,1909,110,4026.0
320,W 22ND AVENUE,7/10/2019,2118000,90,2494,1939,80,4026.0
321,GRANT STREET,12/10/2019,1495000,28,1626,1946,74,5080.0
322,DUNDAS STREET,3/3/2020,1608000,6,2763,1926,94,5856.0
323,COMMERCIAL STREET,4/15/2020,1333000,7,2130,1963,57,4092.0
324,WAVERLEY AVENUE,10/15/2019,1590000,3,2571,1962,57,4867.8
325,W 21ST AVENUE,4/27/2020,2760000,0,1616,1930,90,6100.0
326,W 31ST AVENUE,10/17/2019,2160000,5,2911,1935,84,4293.31
327,E 53RD AVENUE,8/22/2019,2388000,8,3493,1991,28,5856.0
328,WATERLOO STREET,4/14/2020,2250000,10,2259,1990,30,3696.0
329,FAIRMONT STREET,12/6/2019,1335000,58,1845,1999,21,3267.0
330,E 45TH AVENUE,8/6/2019,1880000,8,2460,1957,62,4032.0
331,VENABLES STREET,4/6/2020,1357000,25,1993,1999,21,3547.5
332,W 46TH AVENUE,4/8/2019,2060000,58,3078,1986,33,5160.0
333,E 34TH AVENUE,2/14/2020,1319000,10,1809,1910,110,3481.5
334,E 61ST AVENUE,7/15/2019,1526000,20,2142,2003,16,3762.0
335,E 36TH AVENUE,4/9/2019,1340000,93,2154,1961,58,3902.0
336,E 61ST AVENUE,2/17/2020,1175000,9,1754,1954,66,3536.57
337,LILLOOET STREET,5/31/2019,1150000,39,1864,1946,73,4120.5
338,E 22ND AVENUE,2/18/2020,2000000,6,2179,1905,115,3904.0
339,OSLER STREET,4/22/2020,1661000,5,1678,1945,75,4356.0
340,MILLER STREET,6/18/2019,999999,165,1445,1925,94,2788.0
341,WORTHINGTON DRIVE,2/10/2020,2420000,24,3856,2019,1,4513.0
342,W 30TH AVENUE,9/19/2019,2898000,6,734,1929,90,6500.0
343,E 4TH AVENUE,8/20/2019,2060000,5,2908,2018,1,4094.64
344,E 3RD AVENUE,10/17/2019,1850000,5,2466,2003,16,4026.0
345,MALTA PLACE,2/8/2019,1300000,118,1680,1948,71,10287.0
346,E 56TH AVENUE,7/3/2019,1175000,25,2944,1912,107,3564.0
347,E 55TH AVENUE,8/13/2018,1370000,338,1950,1952,67,3882.88
348,E 2ND AVENUE,10/18/2019,1308000,20,1585,1951,68,4960.4
349,E 5TH AVENUE,5/11/2020,1520000,8,2404,1921,99,4026.0
350,W 6TH AVENUE,5/6/2019,2350000,36,2881,1914,105,2990.36
351,E 58TH AVENUE,7/12/2019,1860000,34,2970,2016,3,3692.7
352,BROOKS STREET,5/21/2019,1570000,35,2732,1983,36,4617.54
353,ADANAC STREET,11/18/2019,1380000,82,2109,1988,32,3573.9
354,E 63RD AVENUE,2/21/2020,1455000,12,2426,1966,54,5583.0
355,E 55TH AVENUE,3/26/2019,1750000,85,2537,2012,7,3696.0
356,TRIUMPH STREET,1/14/2019,1350000,150,2021,1928,91,5856.0
357,W 14TH AVENUE,2/21/2020,2068000,0,1508,1928,92,4096.0
358,WATERLOO STREET,11/6/2019,1850000,12,1944,1928,91,4022.9
359,DUNBAR STREET,4/16/2019,1970000,158,1680,1962,57,6830.0
360,E 13TH AVENUE,3/18/2020,1550000,27,2280,1958,62,4875.0
361,E 12TH AVENUE,2/18/2020,1161900,60,2508,1911,109,4026.0
362,E 34TH AVENUE,1/2/2020,1600000,5,2621,1982,38,4026.0
363,E 54TH AVENUE,7/23/2019,1400000,20,2715,1976,43,4493.7
364,E 37TH AVENUE,11/25/2019,2088000,8,2588,2012,7,3630.0
365,ONTARIO STREET,12/1/2019,2505000,101,3146,1912,108,2813.58
366,W 15TH AVENUE,2/27/2020,2380000,22,2421,1990,30,4026.0
367,CHARLES STREET,11/12/2019,1250000,8,1670,1950,69,3630.0
368,E 5TH AVENUE,7/22/2019,1099000,24,1500,1950,69,4092.0
369,LABURNUM STREET,4/26/2019,2250000,115,2100,1953,66,6000.0
370,WELWYN STREET,10/20/2019,1440000,38,2400,1989,30,4224.0
371,LANCASTER STREET,12/8/2019,1418000,77,2341,1981,39,4026.0
372,W 20TH AVENUE,2/19/2020,2450000,6,2387,1938,82,3795.0
373,E 3RD AVENUE,2/10/2020,1970000,10,3808,1989,31,6640.2
374,W 3RD AVENUE,4/22/2019,2980000,85,3435,1911,108,3960.0
375,E 50TH AVENUE,2/13/2020,1728888,14,2288,2003,17,4290.0
376,W 59TH AVENUE,11/27/2019,1950000,3,2634,1993,26,4290.0
377,ROSS STREET,3/2/2020,1190000,8,880,1946,74,3234.0
378,E 3RD AVENUE,6/19/2019,1433800,64,1899,1948,71,5696.0
379,GRAVELEY STREET,5/19/2020,1048000,1,1500,1941,79,3846.0
380,E 50TH AVENUE,8/27/2019,1570000,1,3389,1976,43,5536.96
381,SOMERVILLE STREET,10/8/2019,1370000,29,2363,1971,48,3300.0
382,MAIN STREET,7/29/2019,1524900,17,2070,2000,19,3465.0
383,E 5TH AVENUE,5/20/2020,1632000,5,1560,1946,74,4026.0
384,GARDEN DRIVE,1/27/2020,1512000,7,1814,1964,56,3000.0
385,LABURNUM STREET,8/1/2019,2400000,20,2568,1953,66,6389.0
386,W 29TH AVENUE,6/28/2019,2480000,116,3511,1950,69,6450.0
387,E KING EDWARD AVENUE,6/10/2019,1325000,47,1792,1996,23,3200.0
388,W 24TH AVENUE,3/10/2020,2330000,21,2226,1921,99,4026.0
389,E 62ND AVENUE,6/19/2019,1550000,33,3479,1973,46,7000.0
390,E 16TH AVENUE,2/12/2020,1381000,82,1565,1939,81,5478.48
391,ETON STREET,8/13/2019,2199000,10,3262,2014,5,4025.0
392,LAUREL STREET,6/11/2019,2880000,68,3475,1957,62,8265.0
393,DUMFRIES STREET,2/25/2020,1680000,47,2790,1956,64,4880.0
394,EUCLID AVE AVENUE,5/7/2020,1180000,12,2275,1986,34,3630.0
395,TURNER STREET,2/24/2020,1320000,7,2497,1929,91,4356.0
396,HAIG STREET,6/2/2018,1480000,540,1633,1948,71,3861.0
397,HARRISON DRIVE,12/16/2019,2050000,23,3285,1988,32,5400.0
398,W 46TH AVENUE,2/3/2020,2118000,11,2383,1989,31,3910.5
399,E 39TH AVENUE,9/18/2019,1195000,2,1677,1949,70,3370.0
400,W 37TH AVENUE,2/4/2019,2368000,150,2807,1922,97,5475.0
401,CYPRESS STREET,5/15/2020,2560000,6,2338,2007,13,2000.0
402,E 55TH AVENUE,11/1/2019,1475000,23,2346,1930,89,4026.0
403,CULLODEN STREET,3/23/2020,2040000,8,3571,2014,6,4026.0
404,BELLA-VISTA STREET,10/23/2019,1718000,6,3271,1910,110,4080.0
405,DUNDAS STREET,5/6/2019,1500000,38,2325,1937,82,4026.0
406,SHERBROOKE STREET,8/19/2019,1552888,6,2709,1970,49,5700.0
407,W 18TH AVENUE,1/17/2020,2200000,7,2400,1987,33,4026.0
408,E GEORGIA STREET,8/19/2019,1148000,63,1613,1909,110,3597.0
409,KILLARNEY STREET,6/6/2019,1588000,9,3066,1986,33,6325.5
410,E 34TH AVENUE,10/8/2019,1558800,47,1991,2011,8,3640.0
411,E 22ND AVENUE,3/5/2020,1268000,5,2423,1961,59,3960.0
412,E 59TH AVENUE,6/4/2019,1385000,144,2400,1993,26,3974.0
413,RENFREW STREET,12/2/2019,1364000,125,2650,1940,80,4026.0
414,W 22ND AVENUE,2/20/2020,2830000,4,2812,1978,42,4900.5
415,E 41 AVENUE,5/28/2019,965000,54,1600,1949,70,3300.0
416,E 38TH AVENUE,9/5/2019,1731000,3,3715,1985,34,6230.0
417,E 27TH AVENUE,8/12/2019,1650000,8,2693,2012,7,3696.0
418,ST. CATHERINES STREET,10/15/2019,1650000,8,2653,1988,31,4379.2
419,E 4TH AVENUE,7/30/2019,1372000,13,2493,1980,39,4154.0
420,W 5TH AVENUE,5/22/2019,2420000,100,3227,1926,93,3630.0
421,KILLARNEY STREET,9/9/2019,1850000,1,2479,1957,62,7052.0
422,E 42ND AVENUE,7/4/2019,1320000,103,1746,1993,26,3024.84
423,OXFORD STREET,10/11/2019,1590000,4,2802,1980,39,4519.2
424,E 6TH AVENUE,11/12/2019,1668000,15,2475,2001,18,4026.0
425,E 49TH AVENUE,11/12/2019,1480000,6,2636,1976,43,4521.0
426,E 53 AVENUE,5/24/2019,1150000,22,1907,1962,57,3696.0
427,INVERNESS STREET,7/8/2019,1080000,36,2206,1914,105,4035.9
428,HEATHER STREET,10/15/2019,1748000,56,2409,1962,57,4773.6
429,E 60TH AVENUE,10/17/2019,2330000,46,4244,2014,5,4715.0
430,E 1ST AVENUE,7/18/2018,1250000,492,2184,1956,63,4397.67
431,E 36TH AVENUE,8/30/2019,1640000,4,2607,1914,105,3488.0
432,SOPHIA STREET,4/9/2019,1500000,78,3108,1960,59,4026.0
433,E 55TH AVENUE,7/9/2019,1365000,28,1334,1954,65,4707.0
434,PETERSHAM AVENUE,9/9/2019,1700000,49,2714,1997,22,4476.0
435,CROWN STREET,6/28/2019,2910000,175,2680,2013,7,4000.0
436,E 43RD AVENUE,2/11/2020,1250000,7,3044,1960,60,3551.8
437,BEATRICE STREET,7/3/2019,1338000,4,2387,1977,42,3960.0
438,E 54TH AVENUE,3/7/2020,1320000,6,1438,1941,79,3894.4
439,W 21ST AVENUE,1/20/2020,2761000,7,2704,1992,28,4514.0
440,W 31ST AVENUE,5/13/2019,2730000,22,2800,1940,79,7297.36
441,W 12TH AVENUE,8/29/2019,2250000,6,3342,1912,107,6250.0
442,CHARLES STREET,2/18/2020,1560000,6,2456,1993,27,4191.0
443,W 34TH AVENUE,5/13/2019,2198000,28,2296,1943,76,4927.0
444,CHARLES STREET,10/23/2019,1465000,6,1397,2019,0,2332.11
445,TEMPLETON DRIVE,9/23/2019,1385000,66,2366,1913,106,3019.5
446,E 21ST AVENUE,3/2/2020,1300000,7,2248,1966,54,3630.0
447,E 59TH AVENUE,5/28/2019,2133000,111,3432,2019,0,3889.05
448,DIEPPE DRIVE,5/1/2019,1545000,90,2360,2003,16,4620.0
449,E 5TH AVENUE,10/7/2019,1280000,4,2368,1961,58,4026.0
450,CHARLES STREET,8/19/2019,1050000,50,2610,1912,107,2978.0
451,E 42ND AVENUE,5/25/2020,1557000,2,1590,1947,73,4878.8
452,PANDORA STREET,4/6/2020,1224000,5,2210,1911,109,4026.0
453,E 15TH AVENUE,1/20/2020,1467500,8,1595,1912,108,2762.0
454,E 63RD AVENUE,1/7/2020,1500000,2,2420,1959,61,5540.0
455,ST. CATHERINES STREET,4/27/2020,1460000,2,974,1946,74,3729.0
456,DUMFRIES STREET,7/29/2019,2195000,2,3850,2017,2,4067.25
457,GLADSTONE STREET,5/22/2019,2238095,76,4012,2018,1,4955.72
458,E 20TH AVENUE,2/21/2020,1460000,4,2591,1963,57,3960.0
459,INVERNESS STREET,5/10/2019,2180952,101,3857,2018,1,4567.0
460,WILLIAM STREET,11/13/2019,1130000,25,825,1944,75,3564.0
461,E 48TH AVENUE,1/14/2019,1320000,182,3316,1910,109,3762.0
462,FLEMING STREET,5/11/2020,2175000,11,3415,2016,4,4108.0
463,W 14TH AVENUE,6/3/2019,2320000,31,2404,1926,93,4026.0
464,NANAIMO STREET,6/20/2019,1300000,25,2411,1964,55,4356.0
465,ELGIN STREET,8/20/2019,1450000,96,2802,1971,48,5456.0
466,E 24TH AVENUE,3/9/2020,1558000,8,2232,1913,107,2218.75
467,E 35TH AVENUE,11/7/2019,1343000,2,2112,1928,91,4870.68
468,DUMFRIES STREET,11/12/2019,1625000,6,2371,1968,51,5154.68
469,W 23RD AVENUE,7/16/2019,2350000,89,2832,1947,72,5368.0
470,NANAIMO STREET,5/29/2019,1445000,96,1490,1954,65,5880.0
471,LAKEWOOD DRIVE,5/10/2019,1150000,55,1950,1928,91,4636.0
472,BROOKS STREET,6/28/2019,2300000,90,3668,2011,8,5244.75
473,ORMIDALE STREET,9/23/2019,1669500,12,2738,1997,22,4574.12
474,ROSS STREET,3/10/2020,1631000,2,1980,2002,18,3597.75
475,E 27TH AVENUE,2/20/2019,950000,115,2009,1912,107,4204.2
476,E 25TH AVENUE,2/21/2019,1200000,142,2098,1954,65,5127.98
477,E 50TH AVENUE,3/5/2020,1549000,7,2834,1971,49,5884.53
478,W 48TH AVENUE,3/6/2020,2880000,8,2957,2016,4,4027.0
479,DUNDAS STREET,5/8/2019,1050000,112,1473,1926,93,4026.0
480,NANAIMO STREET,8/12/2019,1900000,73,2713,1998,21,4552.35
481,E 39TH AVENUE,7/30/2019,1410000,3,2096,1995,24,3998.32
482,E 21ST AVENUE,8/19/2019,1800000,94,2497,2013,6,3633.0
483,E GEORGIA STREET,11/29/2019,1405000,12,2686,1974,45,4026.0
484,W 24 AVENUE,10/9/2019,2100000,12,1962,1978,41,3904.0
485,ELGIN STREET,9/24/2019,1500000,5,2100,2002,17,3300.0
486,HOY STREET,12/3/2019,999000,76,2000,1912,108,3863.0
487,HAWKS AVENUE,11/12/2019,2040000,13,2506,1905,114,6100.0
488,E 38TH AVENUE,2/7/2020,1420000,0,1315,1913,107,3894.58
489,E 56TH AVENUE,3/10/2020,1480000,7,2246,1954,66,5190.0
490,W 22ND AVENUE,8/19/2019,2760000,2,3367,1920,99,6100.0
491,E 39TH AVENUE,9/13/2019,1228800,4,1054,1947,72,3437.2
492,E 58TH AVENUE,10/4/2019,1590000,35,2715,1993,26,3828.0
493,BROUGHTON STREET,4/3/2019,2600000,192,4026,1905,114,2882.0
494,W 32ND AVENUE,11/29/2019,2602000,42,2772,1956,64,7650.0
495,BEATRICE STREET,2/24/2020,1610000,7,2343,1985,35,3877.5
496,SHERBROOKE STREET,7/4/2019,1262000,3,2167,1965,54,4042.0
497,DOMAN STREET,11/4/2019,1450000,2,2570,1953,66,4840.0
498,E 37TH AVENUE,2/11/2020,1538000,9,2320,1983,37,4026.0
499,E 62ND AVENUE,1/16/2020,1353777,0,2642,1966,54,3781.95
500,E 51ST AVENUE,3/16/2020,1514000,7,2376,1983,37,4010.0
501,E CORDOVA STREET,1/29/2020,1233000,21,2272,1901,119,3172.0
502,E 24TH AVENUE,2/17/2020,1383000,7,1512,1910,110,2450.32
503,VINE STREET,11/20/2019,2050000,20,2141,1978,41,3453.08
504,W 63RD AVENUE,10/8/2019,1500000,2,1950,1930,89,3828.0
505,E KING EDWARD AVENUE,5/19/2020,1350000,6,2182,1984,36,3623.0
506,ANN STREET,6/16/2019,1120000,4,2168,1969,50,3493.05
507,HAIDA DRIVE,12/6/2019,2243286,1,3788,2018,1,4510.0
508,E GEORGIA STREET,2/21/2020,1200000,6,2070,1912,108,3630.0
509,E 4TH AVENUE,5/7/2020,1250000,7,1868,1927,93,4092.0
510,W 63RD AVENUE,3/3/2020,1812000,6,2244,1967,53,3869.25
511,FLEMING STREET,5/19/2020,2262500,2,1850,2017,3,2722.5
512,E 47TH AVENUE,9/8/2019,1581000,10,2378,1959,60,5014.26
513,KEVIN PLACE,7/30/2019,2770000,10,3359,1971,48,8133.0
514,E 20TH AVENUE,9/16/2019,2825000,7,3960,1905,114,6049.95
515,PRINCE EDWARD STREET,11/27/2019,1600000,5,1694,1910,109,1952.0
516,W 38TH AVENUE,4/19/2019,2800000,105,3502,1922,97,5475.0
517,W 60TH AVENUE,5/1/2019,3000000,218,3296,2009,10,5494.0
518,FREMLIN STREET,1/1/2020,1500000,37,2165,1915,105,4048.11
519,GLEN DRIVE,12/9/2019,2150000,48,2960,1927,93,6235.0
520,WINDSOR STREET,2/18/2020,1266000,7,1787,1931,89,4026.0
521,GRANT STREET,5/27/2019,1660000,8,2308,1964,55,3669.6
522,E 13TH AVENUE,5/6/2019,1627500,105,2417,1912,107,4026.0
523,W 18TH AVENUE,3/10/2020,2650000,7,2308,1989,31,3840.0
524,E GEORGIA STREET,2/10/2020,1051525,91,2541,1912,108,3564.0
525,E 19TH AVENUE,5/13/2019,2521000,35,2849,2006,13,4432.0
526,TURNER STREET,8/30/2019,2239047,189,2858,2019,1,3531.0
527,W 37TH AVENUE,3/12/2020,2520000,2,2751,1987,33,5475.0
528,NANAIMO STREET,6/4/2019,2040000,47,2874,2015,4,3978.0
529,W 7TH AVENUE,7/15/2019,2560000,62,2250,1991,28,3719.0
530,W 24TH AVENUE,8/30/2019,2223000,1,985,1940,79,5128.0
531,E 61ST AVENUE,2/18/2020,2100000,62,2863,2020,0,3465.82
532,WALDEN STREET,9/20/2019,1430000,5,1720,1929,90,4026.0
533,W 64TH AVENUE,5/21/2019,1780000,16,2228,1989,30,3668.0
534,E 12TH AVENUE,9/3/2019,1690000,88,3210,1911,108,6350.0
535,BATTISON STREET,5/15/2019,2300000,50,3878,2018,1,4636.0
536,E 41ST AVENUE,7/18/2019,815000,11,1074,1916,103,3349.0
537,W 13TH AVENUE,3/2/2020,2478000,36,2475,1995,25,4026.0
538,PANDORA STREET,9/3/2019,1250000,3,2793,1912,107,4026.0
539,W 30TH AVENUE,2/18/2020,2960000,2,2473,1955,65,6508.5
540,E GEORGIA STREET,11/6/2019,1930000,164,3522,2017,3,4070.0
541,ETON STREET,7/2/2019,1295000,7,2163,1975,44,4023.0
542,PRINCE ALBERT STREET,9/16/2019,2135000,2,2095,2019,0,2842.0
543,W 20TH AVENUE,6/4/2019,2400000,2,2849,1924,95,4026.0
544,E 24TH AVENUE,8/15/2019,1425000,8,2040,1925,94,4045.84
545,E KENT NORTH AVENUE,3/25/2020,1520000,15,2511,1990,30,4240.0
546,CARTIER STREET,4/23/2019,2830000,261,3426,2018,2,4970.0
547,ST. CATHERINES STREET,9/25/2019,2223810,69,2301,2019,0,3300.0
548,E 29TH AVENUE,8/23/2019,1375000,59,2516,1958,62,5019.4
549,RUPERT STREET,5/27/2019,2160000,287,4387,2001,19,7313.0
550,ONTARIO STREET,2/1/2019,1820000,212,2174,1996,23,3524.4
551,DIEPPE DRIVE,4/4/2019,1190000,118,2250,1948,71,4620.0
552,W 32ND AVENUE,1/3/2020,2920000,35,2873,1938,82,6500.0
553,WILLIAM STREET,9/9/2019,1215000,30,1964,1929,90,4026.0
554,E 10TH AVENUE,2/18/2020,2175000,26,3264,1980,40,6000.0
555,E 11TH AVENUE,5/15/2020,1602000,4,1620,1956,64,4026.0
556,NAPIER STREET,5/25/2020,1510000,6,2505,1968,52,3630.0
557,E 14TH AVENUE,3/19/2020,1349000,4,2218,1910,110,2583.0
558,E 29TH AVENUE,8/30/2019,1350000,4,2536,1986,33,3976.5
559,WINDSOR STREET,5/5/2020,2475000,13,3361,2018,2,4851.0
560,E 52ND AVENUE,5/27/2020,1438000,5,1690,1953,67,4322.01
561,E 54TH AVENUE,5/13/2019,1295000,51,2004,1989,30,3034.0
562,W 13TH AVENUE,2/14/2020,2408000,10,2429,1927,93,4026.0
563,KITCHENER STREET,5/27/2019,2575000,12,3385,2017,2,5080.0
564,MANOR STREET,3/16/2020,997000,47,1747,1911,109,3267.0
565,W 36TH AVENUE,2/19/2020,2900000,5,2745,1932,88,6095.7
566,DOMAN STREET,11/8/2019,1551000,113,2400,1955,65,6338.0
567,QUEBEC STREET,6/13/2019,2476190,41,2564,2019,0,3812.5
568,JAMES STREET,4/17/2020,2520000,2,2290,1988,32,3422.13
569,E 8TH AVENUE,5/4/2020,1600000,23,2964,1984,36,4191.0
570,HEATLEY AVENUE,5/11/2020,750000,10,1153,1901,119,1525.0
571,E 59TH AVENUE,4/15/2019,1565000,157,2204,2008,11,4026.0
572,ELLIOTT STREET,3/18/2020,1935000,1,3060,1967,53,10348.0
573,WORTHINGTON DRIVE,11/18/2019,1413000,62,1668,1948,72,4510.0
574,E 55TH AVENUE,6/19/2019,1150000,6,1539,1946,73,4035.0
575,CHARLES STREET,5/1/2019,1635000,41,3036,1987,32,5080.0
576,DEERING ISLAND PLACE,6/1/2019,2800000,138,3422,1992,27,8783.0
577,NANAIMO STREET,1/25/2020,1075000,6,1800,1956,64,3847.8
578,E 34TH AVENUE,2/25/2020,1360000,7,2200,1912,108,3795.0
579,FRENCH STREET,4/3/2019,2230000,119,3669,1990,29,5850.0
580,COLLINGWOOD STREET,9/3/2019,2353000,85,2475,1938,81,4191.0
581,OXFORD STREET,8/19/2019,1333780,6,1882,1923,96,4026.0
582,E 20TH AVENUE,9/17/2019,1330000,6,2444,1968,51,3638.02
583,TURNER STREET,7/16/2018,1270000,435,2220,1922,97,3547.5
584,E 11TH AVENUE,10/15/2019,1663000,9,2932,1914,105,4026.0
585,E 60TH AVENUE,7/7/2019,1040000,42,2246,1938,81,4026.0
586,E 63RD AVENUE,7/12/2019,1448000,41,2770,1976,43,6226.0
587,SEMLIN DRIVE,10/23/2019,1490000,3,1967,1910,109,2013.0
588,POINT GREY ROAD,11/12/2019,2500000,3,2060,1937,83,2864.4
589,E 26TH AVENUE,8/6/2019,1976190,90,3199,2019,0,3563.35
590,PARKER STREET,9/16/2019,1248500,29,1821,1944,75,3564.0
591,RUPERT STREET,12/2/2019,1475000,7,2780,1977,43,4480.0
592,E 11TH AVENUE,7/9/2019,1290000,3,2067,1941,78,4026.0
593,W 5TH AVENUE,1/9/2020,1750000,28,2650,1911,109,3740.0
594,TRIMBLE STREET,6/11/2019,1600000,65,1592,1949,70,4026.0
595,W 29TH AVENUE,11/20/2019,2850000,3,2438,1942,77,6162.0
596,E 57TH AVENUE,5/25/2020,1350000,2,1588,1949,71,3409.89
597,W 22ND AVENUE,1/29/2020,2910000,31,2907,2000,20,4026.0
598,ETON STREET,3/19/2020,1300000,40,2322,1928,92,4026.0
599,W 29TH AVENUE,10/21/2019,2075000,21,1850,1924,95,4298.25
600,E 5TH AVENUE,8/6/2019,1475000,9,1585,1945,74,4026.0
601,E 5TH AVENUE,10/8/2019,1335000,9,2301,1956,63,4022.0
602,W 12TH AVENUE,6/20/2019,1880000,55,2547,1928,91,4028.64
603,W 26TH AVENUE,6/27/2019,2600000,93,2648,1925,94,6440.0
604,HOY STREET,6/22/2019,1030000,146,1800,1957,62,3785.0
605,BIRCH STREET,6/10/2019,2988000,80,3399,2016,3,4043.0
606,W 43RD AVENUE,10/23/2019,2800000,155,2850,1926,94,5904.0
607,NANAIMO STREET,9/24/2019,999000,6,1400,1940,79,3168.0
608,W 33RD AVENUE,5/28/2019,2568000,18,3001,2011,8,4290.0
609,W 32ND AVENUE,6/20/2019,2480000,47,2362,1932,87,4298.25
610,LANCASTER STREET,2/18/2020,1588000,15,2630,1969,51,4720.0
611,E 46TH AVENUE,10/23/2019,1675000,16,2474,1979,40,4026.0
612,E 52ND AVENUE,10/2/2019,2200000,53,3300,2018,1,3965.0
613,E 8TH AVENUE,7/17/2019,1425000,2,2302,1981,38,4026.0
614,E 32ND AVENUE,6/5/2019,1680000,7,1816,1948,71,3795.0
615,TUPPER STREET,8/6/2019,2230000,31,2842,1970,49,3664.65
616,TRINITY STREET,12/5/2019,1310000,66,1210,1936,84,6100.0
617,MOSS STREET,12/18/2019,925000,74,1930,1905,115,3022.8
618,JOYCE STREET,2/7/2020,1375000,1,2700,1964,56,3696.0
619,E 54TH AVENUE,8/12/2019,1560000,88,2246,2011,8,3119.0
620,E 7TH AVENUE,2/10/2020,1494000,8,2266,1958,62,4026.0
621,PENTICTON STREET,10/16/2019,1666000,7,3563,1992,27,5445.0
622,WALDEN STREET,8/28/2019,1500000,4,1565,1910,109,3696.0
623,KITCHENER STREET,6/16/2019,1370000,67,2475,1974,45,4191.0
624,W 21ST AVENUE,7/22/2019,2700000,4,3030,1939,80,5313.0
625,E 15TH AVENUE,9/3/2019,1880000,12,2950,1910,109,3230.0
626,W 32ND AVENUE,7/15/2019,2520888,19,2576,1996,23,4290.0
627,KNIGHT STREET,3/9/2020,925000,2,900,1957,63,3779.16
628,E 62ND AVENUE,8/15/2019,1050000,14,1920,1968,51,3267.0
629,QUEENS AVENUE,1/9/2020,1610000,37,2950,1984,36,4570.0
630,E 25TH AVENUE,10/28/2019,1220000,7,2004,1933,86,3960.0
631,E 48TH AVENUE,12/6/2019,1550000,69,2415,1995,25,4032.6
632,TURNER STREET,10/7/2019,1380000,2,2993,1943,76,5445.0
633,GRANT STREET,4/1/2020,1845000,7,3144,2004,16,4191.0
634,W 21ST AVENUE,4/16/2019,2100000,73,1475,1931,88,4026.0
635,E 4TH AVENUE,1/6/2020,2290000,7,4475,2016,4,5079.9
636,JOYCE STREET,3/21/2019,1300000,146,1648,1953,66,3069.0
637,BLANCA STREET,4/29/2019,2400000,196,3000,1970,49,6718.25
638,W 23RD AVENUE,3/11/2020,2508000,12,2448,1938,82,5346.0
639,TRIUMPH STREET,11/18/2019,1555000,7,2021,1929,90,4026.0
640,E PENDER STREET,4/20/2020,1928000,8,2502,1906,114,3267.0
641,PERRY STREET,2/3/2020,1289000,21,1572,1927,93,4014.67
642,VENABLES STREET,10/24/2019,1130000,4,1275,1930,89,3630.0
643,W 41ST AVENUE,9/25/2019,1803800,6,1961,1922,97,4353.03
644,NANAIMO STREET,4/14/2020,1410000,4,2441,1931,89,4618.35
645,W 11TH AVENUE,10/22/2019,2300000,107,974,1988,32,4026.0
646,LABURNUM STREET,6/19/2019,2160000,77,2495,1987,32,4141.5
647,ELGIN STREET,2/11/2020,1400000,4,1585,1948,72,3481.5
648,W 33RD AVENUE,7/2/2019,1870000,42,1814,1940,79,4298.0
649,PARKER STREET,6/15/2019,2100000,9,2513,1926,93,4636.0
650,W 12TH AVENUE,3/2/2020,2117000,7,1608,1928,92,4026.0
651,BRUCE STREET,10/6/2019,1225000,8,1855,2000,19,2992.22
652,WINDSOR STREET,1/18/2019,1165000,129,2120,1989,30,3481.5
653,OXFORD STREET,6/7/2019,2215000,22,2754,2013,6,4554.0
654,E 39TH AVENUE,2/4/2019,1160000,187,1297,1950,69,4026.0
655,E 48TH AVENUE,12/30/2019,1480000,7,2200,1962,58,4290.0
656,W 15TH AVENUE,5/15/2019,2325000,33,5600,1910,109,6250.0
657,KNIGHT STREET,10/17/2019,910000,21,1611,1948,71,3799.62
658,OAK STREET,5/28/2019,1840000,31,2508,1976,43,4252.71
659,E 58TH AVENUE,1/21/2020,2200000,7,3522,2017,3,3973.0
660,E 21ST AVENUE,9/25/2019,1510000,32,1886,1926,93,4026.0
661,E 4TH AVENUE,8/26/2019,1454800,172,3016,1993,27,4082.0
662,E 59TH AVENUE,11/3/2019,1497000,110,2492,1965,55,4923.6
663,W 18TH AVENUE,9/17/2019,2393000,6,2345,1933,86,4026.0
664,E 2ND AVENUE,7/12/2019,1838000,59,3178,2008,11,5000.0
665,MANITOBA STREET,2/10/2020,2720000,23,3828,1986,34,6315.33
666,E 27TH AVENUE,7/9/2019,2047619,80,3458,2019,0,3910.5
667,E 38TH AVENUE,8/12/2019,2371429,73,3377,2019,0,4000.0
668,STEPHENS STREET,2/12/2020,1965000,11,2432,1912,108,2871.0
669,E 22ND AVENUE,12/11/2019,2210000,2,2524,2016,3,3362.0
670,E BROADWAY,3/26/2019,1500000,70,2479,1966,53,4950.0
671,E GEORGIA STREET,11/4/2019,1507000,8,2303,1998,21,3473.25
672,E 25TH AVENUE,3/13/2020,1288888,10,1980,1954,66,5175.0
673,W 21ST AVENUE,10/21/2019,2820000,12,2563,2006,13,4270.0
674,RUPERT STREET,3/8/2020,1700000,6,2080,1957,63,7020.0
675,E 17TH AVENUE,10/31/2019,2099000,8,3160,1977,42,6018.0
676,ABERDEEN STREET,8/22/2019,1520000,29,2098,1945,74,6000.0
677,E 62ND AVENUE,11/25/2019,1525000,7,2782,1975,44,4620.0
678,E 5TH AVENUE,11/2/2019,1490000,12,1411,1926,93,4026.0
679,INVERNESS STREET,3/18/2019,1650000,98,2417,1994,25,4017.0
680,W 23RD AVENUE,7/22/2019,2500000,85,2416,1996,23,4026.0
681,E 40TH AVENUE,5/14/2020,1428000,5,2510,1967,53,4260.0
682,WINDSOR STREET,8/1/2019,1488000,26,2094,2001,18,3300.0
683,1750-1752 E 5TH AVENUE,11/4/2019,2240000,4,2986,1910,109,2398.0
684,MCGILL STREET,8/12/2019,1055000,30,1890,1948,71,4026.0
685,KINGS AVENUE,7/25/2019,700000,138,2838,1910,110,4425.0
686,W 24TH AVENUE,10/28/2019,1900000,1,915,1940,79,4031.0
687,NOOTKA STREET,10/24/2019,1525000,25,2366,1948,71,6300.0
688,E 57TH AVENUE,5/21/2020,1493000,0,2136,1964,56,4986.0
689,BROOKS STREET,8/6/2019,2700000,15,3844,2013,6,5412.0
690,W 19TH AVENUE,3/16/2020,2300000,8,2683,1973,47,4026.0
691,CAROLINA STREET,7/9/2019,1478000,5,1528,1970,49,2244.8
692,E 7TH AVENUE,7/12/2019,1590000,46,2417,2006,13,4026.0
693,KNIGHT STREET,3/28/2019,1250000,161,2664,1967,52,6332.7
694,W 7TH AVENUE,9/8/2019,1940000,14,2284,1929,90,3628.35
695,E 37TH AVENUE,9/6/2019,1168000,9,1571,1955,64,3679.5
696,ALMA STREET,7/19/2019,2000000,118,2430,1924,95,3639.0
697,INVERNESS STREET,1/17/2020,1250000,6,1858,1952,68,3830.4
698,E 36TH AVENUE,8/7/2019,2000000,12,2400,1945,74,7284.22
699,UNION STREET,8/19/2019,1625000,7,1822,1905,114,3050.0
700,E 8TH AVENUE,6/19/2019,2080000,28,3356,2017,2,4026.0
701,WINDSOR STREET,9/4/2019,1070000,8,2534,1910,109,2178.0
702,ROSS STREET,9/30/2019,1328888,19,2339,1979,40,4051.08
703,E 51ST AVENUE,9/20/2019,2045000,39,3519,2015,4,4026.0
704,E 54TH AVENUE,5/30/2019,975000,36,690,1954,65,4467.0
705,BORDEN STREET,5/28/2019,1650000,7,2889,1956,63,5273.0
706,W 15TH AVENUE,4/1/2019,2090000,78,2024,1978,41,3785.39
707,W 5TH AVENUE,12/4/2019,2480000,0,3113,1912,108,3631.43
708,W 15TH AVENUE,3/2/2020,2280000,7,2166,1930,90,4010.0
709,ADANAC STREET,3/18/2020,1455800,7,2081,2005,15,3574.0
710,GLADSTONE STREET,9/30/2019,1494800,6,2318,1990,29,3960.0
711,WINDSOR STREET,3/17/2020,1333000,6,2035,1950,70,3531.0
712,ONTARIO STREET,1/20/2020,2138000,0,2367,1992,28,3960.0
713,E 45TH AVENUE,5/24/2019,1795000,17,2892,1941,78,7262.0
714,E 41ST AVENUE,9/30/2019,1140000,31,1996,1929,90,3657.39
715,HUDSON STREET,4/27/2019,2000000,182,2399,1993,26,3983.1
716,ROSEMONT DRIVE,4/5/2019,1650000,134,2581,1964,55,5107.16
717,FRENCH STREET,7/12/2019,1620000,0,2394,1969,50,4026.0
718,ROSS STREET,4/15/2020,1950000,6,3151,1978,42,6039.0
719,E 8TH AVENUE,4/15/2019,2047619,119,3620,2019,0,4026.0
720,PRINCE EDWARD STREET,9/3/2019,2699000,3,3223,2018,1,3696.0
721,W 10TH AVENUE,6/1/2019,2650000,101,2452,2018,1,4026.0
722,E 43RD AVENUE,5/12/2019,1392000,84,2382,1979,40,4146.12
723,E 62ND AVENUE,2/17/2020,1228000,3,719,1953,67,3795.0
724,GRAVELEY STREET,9/16/2019,1275000,13,1699,1923,96,2880.0
725,MAIN STREET,8/15/2019,1060000,4,1814,1950,69,3465.0
726,VICTORIA DRIVE,1/15/2020,1455000,4,1827,1901,119,3579.0
727,TURNER STREET,4/2/2020,1238000,48,2250,1935,85,5115.0
728,W 2ND AVENUE,1/27/2020,2400000,14,1800,1927,93,3960.0
729,PRINCE ALBERT STREET,10/27/2019,2695000,1,2749,2019,0,3840.0
730,W 12TH AVENUE,11/4/2019,1968000,20,1393,1967,52,4026.0
731,E 62ND AVENUE,7/3/2019,1650000,0,3262,1973,46,7000.0
732,W 38TH AVENUE,2/25/2020,2225000,6,3041,1988,32,4237.86
733,ROSEMONT DRIVE,7/8/2019,1325000,61,2459,1964,55,4869.0
734,MCGILL STREET,2/21/2020,1235000,9,2157,1959,61,4026.0
735,BROOKS STREET,1/2/2020,1890000,19,3095,1992,28,5174.0
736,HUDSON STREET,2/18/2020,1992000,5,2100,1990,30,3752.0
737,RUPERT STREET,8/16/2019,1170000,15,1857,1956,63,4026.0
738,E 61ST AVENUE,7/22/2019,1397500,96,2042,2010,9,3192.0
739,W 22ND AVENUE,6/24/2019,2415000,80,1402,1926,93,5124.0
740,E 39TH AVENUE,9/12/2019,2989000,40,2935,2018,1,4224.0
741,W 14TH AVENUE,6/18/2019,2950000,62,3339,1912,107,6250.0
742,E 35TH AVENUE,2/14/2020,1352000,21,2155,1989,31,3844.0
743,E 4TH AVENUE,5/1/2019,1500000,65,3025,1993,26,5069.24
744,N KOOTENAY STREET,12/27/2019,1850000,37,2657,2015,5,3696.0
745,GLADSTONE STREET,9/25/2019,1674000,4,2438,1960,59,3956.0
746,FRANKLIN STREET,1/21/2020,1260000,13,1950,1980,40,3267.0
747,E 5TH AVENUE,9/16/2019,1480000,141,2417,1992,28,4026.0
748,W 42ND AVENUE,5/13/2020,2788000,5,2747,1994,26,4590.0
749,E 21ST AVENUE,7/4/2019,1850000,12,1831,1951,68,5063.0
750,E 19TH AVENUE,9/30/2019,1635000,8,2287,1926,93,3444.0
751,VICTORIA DRIVE,2/24/2020,1940000,17,2609,1909,111,3267.0
752,W 29TH AVENUE,6/3/2019,2420000,10,2840,1925,94,5387.25
753,W 16TH AVENUE,7/8/2019,1800000,34,1695,1953,66,4026.0
754,E 26TH AVENUE,8/19/2019,1330000,0,1963,1914,105,3696.0
755,ARCHIMEDES STREET,2/12/2020,1035000,8,2060,1947,73,3234.0
756,KILLARNEY STREET,9/9/2019,1320000,6,1990,1977,42,3297.0
757,W 13TH AVENUE,6/7/2019,2960000,0,2796,1926,93,6710.0
758,MILLER STREET,9/30/2019,785000,6,1201,1989,30,1764.0
759,E 16TH AVENUE,1/10/2019,1500000,274,2157,1926,93,4052.97
760,E GEORGIA STREET,10/21/2019,1100000,101,1920,1927,93,3531.0
761,WINDSOR STREET,3/9/2020,1528000,9,2263,1954,66,3747.83
762,TRAFALGAR STREET,2/18/2020,2180000,14,2782,1937,83,3878.0
763,E PENDER STREET,7/10/2019,1509000,2,1922,2005,14,3267.0
764,RADISSON STREET,9/3/2019,950000,41,1850,1980,39,3534.0
765,W 15TH AVENUE,3/3/2020,2250000,18,2528,1947,73,4026.0
766,E 27TH AVENUE,4/11/2019,1625000,112,2548,1955,64,6105.7
767,E 59TH AVENUE,10/9/2019,1260500,50,2386,1959,60,3854.4
768,ELGIN STREET,2/10/2020,1325000,23,1900,1910,110,3811.5
769,GARDEN DRIVE,10/31/2019,1475000,176,1720,1946,74,4360.0
770,E 51ST AVENUE,10/22/2019,1625000,11,2348,2003,16,4365.0
771,CAROLINA STREET,5/11/2020,1044000,16,2120,1911,109,2792.7
772,TURNER STREET,5/27/2019,2105000,97,3748,2019,0,4356.0
773,FRANKLIN STREET,1/28/2020,1471000,6,2620,1982,38,4026.0
774,GRANT STREET,3/19/2020,1420000,45,2474,1985,35,4191.0
775,E 11TH AVENUE,5/28/2019,1651000,55,3777,1912,107,4026.0
776,SHERBROOKE STREET,3/24/2020,1400000,7,2309,1946,74,4054.0
777,E 28TH AVENUE,2/20/2020,1650171,4,2717,1910,110,3394.0
778,SPENCER STREET,6/14/2019,1120000,115,1635,1947,73,4125.0
779,MONTCALM STREET,1/6/2020,3000000,34,3365,2012,8,4014.45
780,E 28TH AVENUE,11/19/2019,1598000,41,1457,1945,75,6039.0
781,SHAUGHNESSY STREET,11/1/2019,1590000,34,1823,1946,73,4088.18
782,E 58TH AVENUE,6/14/2019,1854000,94,2422,2002,17,4939.0
783,W 21ST AVENUE,10/8/2019,2345000,5,2511,1930,89,4026.0
784,E 56TH AVENUE,11/12/2019,1695000,51,2230,2003,17,4429.6
785,WILLIAM STREET,12/17/2019,985000,8,680,1947,73,3547.5
786,GRANT STREET,11/12/2019,2142857,53,3623,2019,1,4191.0
787,QUEBEC STREET,9/9/2019,1630000,7,1860,1913,106,1772.8
788,E 8TH AVENUE,8/26/2019,995000,2,1579,1948,71,4024.78
789,E 35TH AVENUE,3/2/2020,1300000,7,1718,1947,73,3657.0
790,W 50TH AVENUE,2/18/2020,2480000,8,2628,1957,63,9141.0
791,OLYMPIC STREET,2/18/2020,2950000,69,3643,1930,90,5746.0
792,CHESTER STREET,8/21/2019,1620000,48,1991,1950,69,6044.64
793,FRANKLIN STREET,11/18/2019,1200000,65,1597,1928,92,4026.0
794,W 64TH AVENUE,3/5/2020,1948000,10,2114,1994,26,3696.0
795,MCGILL STREET,3/17/2020,960000,50,800,1948,72,4026.0
796,CULLODEN STREET,4/17/2019,1563000,56,2251,2003,16,4092.0
797,E 17TH AVENUE,3/11/2020,2720000,5,3223,2006,14,5977.0
798,PRINCE ALBERT STREET,4/20/2020,1319000,7,1533,1910,110,3399.0
799,W 41ST AVENUE,7/25/2019,2130000,6,3842,1982,37,5643.61
800,E 4TH AVENUE,3/3/2020,1555000,6,2336,1949,71,4026.0
801,E 58TH AVENUE,11/12/2019,1250000,8,1619,1960,59,3692.7
802,W 16TH AVENUE,7/16/2019,2265000,13,2730,1973,46,6250.0
803,CASSIAR STREET,2/17/2020,1041000,3,2590,1914,106,4026.0
804,KILLARNEY STREET,4/8/2019,1176000,136,1581,1953,66,4071.87
805,E 23RD AVENUE,11/27/2019,1280000,7,2359,1945,74,3960.0
806,W 31ST AVENUE,7/22/2019,2350000,136,2000,1937,82,5340.35
807,EAST 7TH AVENUE,3/10/2020,1290000,6,2005,1958,62,4026.0
808,W 33RD AVENUE,7/25/2019,2050000,20,2197,1928,91,7012.5
809,E 54TH AVENUE,7/12/2019,1542180,9,2460,1986,33,4026.0
810,BRUCE STREET,6/3/2019,2180000,7,3537,2019,0,4059.0
811,E 62ND AVENUE,2/3/2020,1391000,8,2054,1954,66,5074.0
812,W 22ND AVENUE,9/6/2019,2910000,78,2485,1930,89,6041.48
813,E 60TH AVENUE,10/23/2019,1638000,31,2013,2011,8,3551.22
814,W 20TH AVENUE,7/29/2019,2950000,32,4581,1985,34,6100.0
815,E 44TH AVENUE,6/17/2019,1437500,36,2615,1971,48,3816.0
816,W 62 AVENUE,6/2/2019,2750000,175,3931,1987,32,5373.0
817,ST. CATHERINES STREET,5/25/2020,2356000,8,2400,1941,79,4200.0
818,FRANKLIN STREET,2/22/2019,1750000,117,3453,2018,1,4026.0
819,CAMBRIDGE STREET,9/30/2019,1280000,7,1933,1943,76,4024.68
820,NASSAU DRIVE,10/7/2019,1237100,122,1917,1950,70,4274.0
821,W 17TH AVENUE,6/28/2019,2880000,110,2317,2016,3,3300.0
822,W 15TH AVENUE,4/8/2019,2345000,57,3249,1915,104,4026.99
823,CHARLES STREET,6/12/2019,2175000,126,3717,2019,0,4191.0
824,KERR STREET,6/27/2019,1359000,50,1942,1997,22,3450.0
825,CHESTER STREET,5/16/2020,1330000,4,2100,1920,100,4026.0
826,E 38TH AVENUE,5/13/2020,1585000,6,2399,1968,52,3936.0
827,E 26TH AVENUE,7/17/2019,1650000,41,2034,2010,9,3630.0
828,E 31ST AVENUE,1/26/2020,1200000,21,2094,1980,40,3354.42
829,CARTIER STREET,9/30/2019,2779000,15,4122,1994,25,6875.0
830,VINE STREET,5/6/2019,1798000,47,1867,1945,74,3453.0
831,E 45TH AVENUE,12/3/2019,2270000,37,3669,2008,12,6236.79
832,E 41ST AVENUE,9/30/2019,1000000,37,1814,1946,73,3650.79
833,E 7TH AVENUE,9/9/2019,2688000,29,2750,1940,79,4026.0
834,LAUREL STREET,1/10/2020,2700000,29,3615,1994,26,6031.08
835,GRANVILLE STREET,1/16/2020,2949900,18,2491,1946,74,10846.28
836,E 60TH AVENUE,2/6/2020,1290000,13,1625,1925,95,3330.0
837,W 23RD AVENUE,5/29/2019,2000000,131,1700,1925,94,3782.0
838,E 28TH AVENUE,8/7/2019,1058000,47,2136,1955,64,3630.0
839,VICTORIA DRIVE,10/15/2019,1285000,29,2479,1972,47,3904.23
840,CHESTER STREET,9/30/2019,1350000,7,2106,1935,84,4026.0
841,W 28TH AVENUE,12/2/2019,2230000,41,301,1936,84,4290.0
842,WILLOW STREET,2/21/2020,2480000,3,2482,1911,109,2683.56
843,JOYCE STREET,3/26/2020,1351000,4,2273,1980,40,3562.0
844,MAXWELL STREET,10/15/2019,1155000,5,1128,2012,7,1300.0
845,GARDEN DRIVE,1/28/2020,2189000,32,2221,2020,0,2873.0
846,E 58TH AVENUE,12/11/2019,1530000,1,2961,1975,44,5508.0
847,CORNISH STREET,7/22/2019,2301000,79,3092,1997,22,5162.0
848,STAINSBURY AVENUE,3/18/2019,940000,113,2066,1912,107,2884.0
849,W 19TH AVENUE,8/19/2019,2188000,4,2401,1925,94,4026.0
850,OSLER STREET,1/6/2020,1557500,53,2030,1927,93,4026.0
851,FLEMING STREET,9/24/2019,1333000,36,1790,1914,105,3272.05
852,FRASERVIEW DRIVE,6/10/2019,1392000,52,2815,1979,40,4869.84
853,E 1ST AVENUE,8/20/2019,1700000,191,2050,1922,98,4026.0
854,ELGIN STREET,7/17/2019,1615000,4,2133,1980,39,3481.5
855,E 57TH AVENUE,4/30/2020,1270000,3,1572,1953,67,4075.5
856,W 14TH AVENUE,2/18/2020,2750000,4,2949,1928,92,5368.0
857,E 44TH AVENUE,7/16/2019,1452500,19,1993,1948,71,3894.4
858,E 49TH AVENUE,12/19/2019,1055000,14,1664,1945,75,3432.0
859,MCGILL STREET,9/20/2019,1090000,66,1566,1950,69,4014.0
860,E WOODSTOCK AVENUE,1/15/2020,1582000,22,2135,1994,26,4125.0
861,GALT STREET,7/5/2019,1385000,122,2541,1993,26,4026.0
862,E 17TH AVENUE,1/30/2020,1611000,11,2938,1971,49,5911.0
863,W 69TH AVENUE,1/28/2020,1629000,13,2240,1975,45,3993.0
864,E KING EDWARD AVENUE,9/30/2019,1250000,7,1823,1913,106,4570.5
865,E 2ND AVENUE,8/8/2019,2110000,5,3457,2019,0,4026.0
866,E 49TH AVENUE,7/22/2019,1725000,30,3136,1992,27,5254.5
867,CULLODEN STREET,5/27/2019,1300000,103,2388,1975,44,4035.9
868,PARKER STREET,5/23/2019,1350000,43,2324,2005,14,2542.0
869,MCGILL STREET,6/3/2019,1199000,5,1819,1947,72,4019.83
870,DUMFRIES STREET,11/26/2019,2130000,21,3452,2012,7,4158.0
871,E 44 TH AVENUE,7/22/2019,1185000,85,1224,1926,93,3816.12
872,E 48TH AVENUE,1/14/2020,1633000,7,2787,1971,49,6313.2
873,E 52ND AVENUE,7/11/2019,2360000,225,3342,1980,40,8174.0
874,ALMA STREET,11/12/2019,1615000,2,1944,1928,91,3960.0
875,E 1ST AVENUE,2/3/2020,1275000,7,2003,1952,68,4500.0
876,ST. CATHERINES STREET,11/7/2019,1588008,5,2475,1969,50,4026.0
877,W 10TH AVENUE,10/8/2019,2255000,92,3128,1928,92,6466.0
878,W 11TH AVENUE,9/16/2019,2041000,0,2399,1973,46,4027.98
879,NOOTKA STREET,9/3/2019,1155000,3,2082,1970,49,3435.0
880,W 12TH AVENUE,6/10/2019,2300000,8,2172,1928,91,4841.0
881,SLOCAN STREET,4/1/2020,1153000,6,1798,1957,63,3432.0
882,NANAIMO STREET,7/25/2019,1285000,1,2500,1961,58,5468.0
883,LILLOOET STREET,9/30/2019,1705000,7,2509,2011,8,3587.43
884,W 29TH AVENUE,11/1/2019,2000000,12,2494,1937,82,4068.9
885,YALE STREET,3/15/2019,1380000,99,1628,1944,75,4129.75
886,MACDONALD STREET,11/4/2019,1590000,24,2100,1963,56,5125.49
887,CORNISH STREET,10/15/2019,2210000,6,2971,1995,24,5115.0
888,NORMANDY DRIVE,2/18/2020,2379047,4,3887,2019,1,4510.0
889,W 20TH AVENUE,10/16/2019,2505000,89,2708,1986,34,4880.0
890,W 14TH AVENUE,10/17/2019,2850000,8,2504,1995,24,4026.0
891,GRANT STREET,10/8/2019,1500800,0,2586,1991,28,4254.5
892,HUDSON STREET,6/12/2019,2945000,21,3615,2001,18,6031.5
893,E KENT AVENUE NORTH,5/10/2020,1175000,5,1443,1994,26,2288.74
894,E 23RD AVENUE,6/3/2019,1190000,35,1972,1955,64,3960.0
895,W 64TH AVENUE,4/23/2019,1984000,75,2828,1920,99,4029.3
896,E 31ST AVENUE,10/18/2019,2335000,3,2431,2017,2,3300.0
897,DUMFRIES STREET,6/10/2019,1665000,140,2288,1998,21,4440.0
898,E 36TH AVENUE,11/26/2019,1500000,1,1951,1941,78,4806.7
899,W 29TH AVENUE,2/8/2020,2512000,16,2950,1967,53,5200.0
900,PENTICTON STREET,3/9/2020,2380000,5,2343,1977,43,3630.0
901,W 11TH AVENUE,4/20/2020,2150000,12,2192,1995,25,3663.0
902,E 60TH AVENUE,8/13/2019,1380000,37,1841,1952,67,5313.14
903,DIEPPE DRIVE,2/13/2019,1150000,212,1580,1948,71,4620.0
904,E 27TH AVENUE,2/3/2020,1375000,7,1836,1947,73,4356.0
905,W 3RD AVENUE,9/4/2019,2650000,8,3310,1912,107,3986.0
906,KASLO STREET,3/9/2020,1660000,8,2072,2005,15,3828.0
907,GALT STREET,3/23/2020,1280000,14,2381,1967,53,4026.0
908,W 11TH AVENUE,11/25/2019,2338000,1,2570,1925,94,4026.0
909,W 33RD AVENUE,8/6/2019,2438000,99,3043,2015,4,4305.0
910,E 57TH AVENUE,11/22/2019,2171428,26,3491,2019,1,4062.0
911,W 6TH AVENUE,10/6/2019,2490000,36,2502,1912,107,3400.0
912,SKEENA STREET,6/3/2019,1549000,7,2881,1930,89,3960.0
913,W 16TH AVENUE,1/2/2019,2080000,168,2114,1908,111,6250.0
914,TURNER STREET,10/29/2019,1230000,40,2101,1992,28,3498.0
915,ANGUS DRIVE,5/28/2019,2180000,18,2883,1940,79,7434.0
916,W 36TH AVENUE,10/24/2019,3000000,135,3893,1994,26,6512.0
917,W 24TH AVENUE,8/30/2019,2743000,31,2414,2008,11,4030.0
918,NANTON AVENUE,10/18/2019,3000000,4,4158,1920,99,7732.5
919,WINDSOR STREET,2/10/2020,1660000,5,2261,1988,32,3539.25
920,WEST BOULEVARD,9/16/2019,1709000,8,2188,1941,78,4800.0
921,E 52ND AVENUE,4/20/2020,1245000,1,2414,1986,34,4322.01
922,W 10TH AVENUE,11/19/2019,2680000,11,3334,1930,89,6250.0
923,W 15TH AVENUE,3/9/2020,2110000,60,2165,1915,105,4026.0
924,HEATLEY AVENUE,7/25/2019,738000,196,1153,1901,119,1525.0
925,W 35TH AVENUE,3/6/2020,2200000,9,2016,1948,72,4257.0
926,E 53RD AVENUE,6/6/2019,2680000,0,4436,2019,0,5499.36
927,E 40TH AVENUE,10/5/2019,1550000,30,1676,1944,75,4026.0
928,E 59TH AVENUE,11/18/2019,2300000,1,3664,2019,0,3996.0
929,E GEORGIA STREET,5/27/2019,1860000,100,3335,1895,124,3050.0
930,WILLIAM STREET,2/3/2020,1690000,15,2152,1927,93,3564.0
931,KASLO STREET,8/22/2019,1058000,21,1593,1934,85,3071.2
932,E 51ST AVENUE,7/29/2019,1582500,14,2525,1993,26,4160.0
933,HOY STREET,7/29/2019,1070000,95,1735,1950,69,3804.0
934,CARTIER STREET,9/10/2019,1865000,89,2347,1979,40,4026.0
935,E 61ST AVENUE,7/4/2019,935000,5,1620,1910,109,3286.0
936,E 30TH AVENUE,2/20/2020,1575000,2,1905,1910,110,1956.1
937,ALMA STREET,2/28/2020,2570000,9,3357,1929,91,6830.0
938,KELOWNA STREET,3/19/2020,1035000,17,2450,1945,75,3826.0
939,NAPIER STREET,4/14/2020,1560000,6,2069,1911,109,4026.0
940,E 12TH AVENUE,10/25/2019,1575000,21,2932,1910,109,4270.0
941,SHERBROOKE STREET,3/16/2020,2000000,52,3492,2019,1,4019.7
942,E 53RD AVENUE,6/4/2019,1798000,4,3216,1922,97,9180.0
943,VERNON DRIVE,4/22/2020,1510000,18,1892,2017,3,1843.36
944,W 32ND AVENUE,7/1/2019,2455000,109,2324,2019,1,3045.46
945,W 64TH AVENUE,5/24/2019,2548800,81,3319,1996,23,5504.0
946,YEW STREET,3/3/2020,1800000,25,1758,1926,94,4144.47
947,COLLINGWOOD STREET,10/14/2019,2035000,4,2813,1912,107,3600.0
948,GRAVELEY STREET,9/11/2019,1228000,157,2455,1913,107,3141.0
949,ELGIN STREET,1/29/2020,2285000,9,2493,2019,1,3606.0
950,NANAIMO STREET,11/19/2019,1425000,1,2443,1967,52,4614.87
951,WINDSOR STREET,6/5/2019,1615000,2,1782,1912,107,3559.5
952,E 60TH AVENUE,3/16/2020,1500000,58,2500,1956,64,4885.05
953,E 61ST AVENUE,10/16/2019,1488000,4,1924,1952,67,5075.0
954,WILLIAM STREET,3/10/2020,1726000,6,1777,1946,74,3630.0
955,W 57TH AVENUE,4/20/2020,2950000,40,3370,1957,63,12883.77
956,W 30TH AVENUE,4/24/2020,2193988,12,1749,1935,85,4290.0
957,E 54TH AVENUE,3/18/2020,1288000,46,690,1954,66,4467.0
958,E 26TH AVENUE,4/30/2019,860000,101,1000,1910,109,2027.75
959,JOYCE STREET,3/17/2020,1594000,23,2192,2002,18,4026.0
960,ONTARIO STREET,3/10/2020,1898500,7,2068,1901,119,2475.0
961,HENNEPIN AVENUE,3/16/2020,1244000,1,2127,1980,40,2825.0
962,UNION STREET,7/5/2019,1380000,56,2538,1901,118,3058.0
963,ST. CATHERINES STREET,2/5/2020,1150000,7,1299,1913,107,3300.0
964,W 39TH AVENUE,5/8/2019,2300000,69,3016,1941,78,5320.0
965,E 43RD AVENUE,10/28/2019,1302000,33,2033,1956,63,4028.04
966,E 18TH AVENUE,3/4/2020,2188000,7,2566,2017,3,3379.2
967,E 35TH AVENUE,2/14/2020,1730000,10,1940,1978,42,3214.5
968,HUDSON STREET,1/9/2019,2043000,241,2378,1990,29,3983.1
969,W 14TH AVENUE,6/17/2019,2180000,8,2140,1972,47,4022.7
970,W 18TH AVENUE,9/11/2019,2050000,7,3374,1927,92,4492.95
971,GOTHARD STREET,3/16/2020,1170000,7,1744,1959,61,3630.0
972,E 43RD AVENUE,2/18/2020,1920000,6,2526,1997,23,5374.32
973,OAK STREET,9/5/2019,1950000,82,3724,1928,91,5925.0
974,HAIG STREET,7/2/2019,2200000,70,3206,2019,0,3846.01
975,W 7TH AVENUE,8/21/2019,2300000,4,2224,1990,29,3715.8
976,E 53RD AVENUE,5/17/2019,1299000,31,1989,1989,30,3456.0
977,VIVIAN DRIVE,7/2/2019,2670000,78,4652,2017,2,5415.0
978,W 19TH AVENUE,8/21/2019,2850000,75,2818,2001,18,4026.0
979,W 28TH AVENUE,8/7/2019,2380000,42,3001,1927,92,4297.92
980,W 13TH AVENUE,5/19/2020,2840000,9,5872,1910,110,6250.0
981,E 51ST AVENUE,6/4/2019,1450000,2,2606,1983,36,4397.25
982,E 46TH AVENUE,4/8/2019,1636500,121,2469,1996,23,4026.0
983,416-418 UNION STREET,9/9/2019,1600000,32,2301,1980,39,3150.0
984,NAPIER STREET,9/25/2019,1200000,4,2228,1983,36,3550.8
985,KNIGHT STREET,6/24/2019,1549900,25,2789,2017,2,3676.0
986,GEORGIA STREET,1/16/2020,904000,44,2166,1928,92,3547.5
987,KITCHENER STREET,10/29/2019,1350000,28,1926,1944,75,4254.5
988,PRINCE ALBERT STREET,8/20/2019,1580000,3,2205,1992,27,3630.0
989,E 22ND AVENUE,8/6/2019,1144000,4,1953,1923,96,3300.0
990,E 57TH AVENUE,9/10/2019,1070000,4,1041,1941,78,3656.4
991,ELGIN STREET,5/22/2019,1285000,23,2028,1963,56,3300.0
992,DUNDAS STREET,2/10/2020,1410000,11,2347,1927,93,4026.0
993,E 22ND AVENUE,10/30/2019,1602000,7,2108,2007,12,3630.0
994,E 29TH AVENUE,7/30/2019,1060000,9,1700,1946,73,3333.0
995,E 22ND AVENUE,10/9/2019,2190476,30,3412,2019,0,4026.0
996,JOYCE STREET,10/30/2019,1358000,5,2071,1996,23,3300.0
997,E 52ND AVENUE,10/4/2019,1388000,14,1917,1996,23,3323.0
998,QUEBEC STREET,10/29/2019,1408000,7,2067,1913,106,1952.0
999,E 49TH AVENUE,11/4/2019,1577000,8,2160,2007,12,3597.0
1000,TYNE STREET,12/2/2019,1358000,8,2464,1971,48,4422.68
1001,AUSTREY AVENUE,8/17/2019,1725000,63,2894,2019,0,3300.0
1002,CLARENDON STREET,1/14/2020,1605000,29,2501,1970,50,4356.0
1003,TRAFALGAR STREET,3/30/2020,2430000,8,2911,1988,32,4139.85
1004,E 60TH AVENUE,5/19/2020,1197232,5,1754,1954,66,3382.0
1005,LANCASTER STREET,4/25/2019,1500000,64,2134,1959,60,5718.19
1006,E 37TH AVENUE,8/12/2019,1480000,106,2603,1979,40,4661.2
1007,E PENDER STREET,1/11/2020,1670000,123,4100,1908,112,4150.0
1008,W KING EDWARD AVENUE,4/23/2019,2150000,42,2109,1951,68,6093.0
1009,W 58TH AVENUE,3/4/2019,2600000,106,3380,1991,28,5600.0
1010,W 1ST AVENUE,9/5/2019,2100000,11,2942,1922,97,2599.0
1011,E 2ND AVENUE,9/16/2019,1280000,2,1586,1946,73,5020.0
1012,W 8TH AVENUE,5/27/2019,1890000,16,2757,1946,73,3465.0
1013,E 46TH AVENUE,8/20/2019,1470000,22,2500,1973,46,4026.0
1014,GRAVELEY STREET,8/26/2019,1235000,0,2392,1964,55,3846.0
1015,E 28TH AVENUE,9/3/2019,1586000,6,2309,1932,87,4777.5
1016,E 26TH AVENUE,7/24/2019,1260000,20,1808,1960,59,3696.0
1017,ADERA STREET,5/28/2019,2398000,129,2760,2001,18,4583.8
1018,DUNDAS STREET,9/3/2019,2000000,57,3448,2019,0,4026.0
1019,E 20TH AVENUE,6/25/2019,1106000,106,1485,1949,70,3620.0
1020,DUMFRIES STREET,11/25/2019,1558000,22,2091,1953,66,4989.2
1021,INVERNESS STREET,6/2/2019,960000,7,2142,1912,107,2697.0
1022,PRINCE ALBERT STREET,2/11/2020,1652000,24,2016,1952,68,5030.0
1023,LILLOOET STREET,9/30/2019,1230000,7,2240,1974,45,3552.25
1024,E 38TH AVENUE,4/15/2019,1185000,114,2223,1911,108,4026.0
1025,E 4TH AVENUE,7/16/2019,1500000,182,1695,1912,108,2590.0
1026,E 58TH AVENUE,11/6/2019,1060000,0,1650,1946,73,3692.7
1027,ONTARIO STREET,1/31/2020,1655000,28,2354,1929,91,3387.0
1028,W 42ND AVENUE,2/3/2020,2605000,8,2487,1991,29,4050.0
1029,W 19TH AVENUE,1/8/2019,2880000,203,3004,1939,80,5795.0
1030,W 23RD AVENUE,6/3/2019,3000000,15,2765,1931,88,4026.0
1031,TUPPER STREET,5/8/2019,2350000,147,3481,1929,90,5886.65
1032,NANAIMO STREET,4/1/2019,1100000,87,1250,1943,76,5910.0
1033,E 28TH AVENUE,10/21/2019,1600000,18,3188,1970,49,6176.0
1034,E 1ST AVENUE,4/23/2019,1185000,54,2308,1956,63,4483.0
1035,VICTORIA DRIVE,7/17/2019,1500000,30,2101,1941,78,7058.04
1036,W 11TH AVENUE,1/23/2020,2798000,10,2498,1925,95,4029.0
1037,E 18TH AVENUE,9/19/2019,1245000,45,1660,1942,77,4105.0
1038,WATERLOO STREET,7/22/2019,2456000,5,3303,1990,29,5517.0
1039,RUPERT STREET,8/6/2019,1220000,42,1857,1953,66,4573.0
1040,E 5TH AVENUE,4/29/2019,1400000,58,2092,1942,77,4026.0
1041,WAVERLEY AVENUE,6/4/2019,1350000,50,2732,1971,48,6093.0
1042,E 24TH AVENUE,2/26/2020,1950000,4,2152,1910,110,4057.0
1043,E 23RD AVENUE,6/11/2019,1314000,43,2650,1966,53,3960.0
1044,W 23RD AVENUE,9/11/2019,2175000,14,1636,1928,91,4026.0
1045,INVERNESS STREET,3/4/2019,1950000,145,2964,2012,7,4125.0
1046,MONS DRIVE,11/6/2019,1210000,1,1446,1948,71,4510.0
1047,E 49TH AVENUE,3/12/2020,1360000,47,2782,1972,48,4845.0
1048,WINDSOR STREET,12/10/2019,1380000,8,1876,1953,66,4026.0
1049,COLLINGWOOD STREET,2/28/2020,1850000,11,1932,1926,94,3630.0
1050,W 2ND AVENUE,8/30/2019,2450000,30,2409,1926,93,3960.0
1051,PARKER STREET,1/13/2020,1416000,0,1771,1947,73,4026.0
1052,HAIDA DRIVE,5/1/2019,1620000,96,3160,1980,39,6150.0
1053,CHARLES STREET,9/16/2019,1790000,40,3026,2011,8,4290.0
1054,W 20TH AVENUE,5/23/2019,1860000,63,2389,1939,80,4026.0
1055,KERR STREET,7/22/2019,1260000,74,2267,1945,74,4580.28
1056,DUNBAR STREET,1/2/2020,2321905,35,2355,2019,1,3034.79
1057,SW MARINE DRIVE,2/11/2020,2825000,7,6556,1962,58,11400.0
1058,W 28TH AVENUE,3/2/2020,2500000,0,2715,1969,51,4297.92
1059,E KENT AVENUE NORTH,10/29/2019,1440000,24,2177,1994,25,3578.93
1060,E KING EDWARD AVENUE,11/14/2019,1650000,3,2316,1905,114,4063.95
1061,W 21ST AVENUE,11/3/2019,2988221,0,2794,2002,17,4026.0
1062,E 20TH AVENUE,12/18/2019,1084600,23,867,1910,110,3023.0
1063,E 61ST AVENUE,8/19/2019,1250000,14,2361,1993,26,3630.0
1064,E 21ST AVENUE,11/25/2019,1450000,7,2285,1986,33,3637.0
1065,E 58TH AVENUE,7/31/2019,1905000,103,2630,2017,2,3762.0
1066,E 48TH AVENUE,10/11/2019,2036190,50,3369,2019,0,3864.0
1067,E 23RD AVENUE,7/18/2019,1488000,12,2200,2001,18,3960.0
1068,HOLLAND STREET,9/9/2019,2800000,55,2816,1936,83,8877.0
1069,E 7TH AVENUE,7/12/2019,1080000,4,1712,1942,77,4026.0
1070,E 7TH AVENUE,7/29/2019,1354000,51,2352,1961,58,4026.0
1071,E 53RD AVENUE,4/1/2019,1210000,89,1646,1957,62,3385.0
1072,FRASER STREET,3/19/2020,1230000,53,2358,1906,114,3040.0
1073,GRAVELEY STREET,6/18/2019,1100000,6,922,1926,93,3902.75
1074,CHESTER STREET,4/8/2019,2115000,82,3515,2016,3,4026.0
1075,PRINCE ALBERT STREET,7/4/2019,1665000,76,2205,2006,13,4026.0
1076,DUNDAS STREET,10/16/2019,1550000,9,2686,1910,109,5856.0
1077,E 54TH AVENUE,6/24/2019,1250000,13,2632,1973,46,4032.0
1078,E 60TH AVENUE,3/12/2020,1482000,8,1940,1952,68,6180.0
1079,W 38TH AVENUE,5/25/2020,2880000,7,2959,1925,95,5475.0
1080,E 16TH AVENUE,9/9/2019,1385000,6,2279,1963,56,3996.66
1081,E 24TH AVENUE,9/16/2019,1225000,8,1670,1913,106,2161.5
1082,W 20TH AVENUE,5/10/2019,2050000,143,2046,1927,92,4570.5
1083,FRASER STREET,5/1/2019,840000,53,906,1913,106,3399.0
1084,W 14TH AVENUE,4/17/2020,2802000,3,3603,1911,109,5734.0
1085,W 14TH AVENUE,3/25/2019,2900000,191,2407,1999,20,4026.0
1086,COMMERCIAL STREET,3/12/2020,1085000,8,2028,1908,112,4081.94
1087,E PENDER STREET,2/24/2020,1570000,9,2599,1976,44,4026.0
1088,E 56TH AVENUE,4/28/2020,2468000,6,2586,2020,0,3630.0
1089,E 8TH AVENUE,8/19/2019,1325000,7,2036,1993,26,3115.0
1090,E 15TH AVENUE,6/18/2019,1265000,257,1660,1955,65,4023.0
1091,E GEORGIA STREET,5/22/2019,1180000,168,1780,1946,74,3481.5
1092,DUNDAS STREET,4/23/2019,1300000,49,2450,1925,94,5856.0
1093,W 45TH AVENUE,8/8/2019,2575000,287,2400,1948,72,6838.1
1094,ST. CATHERINES STREET,1/10/2020,1155000,4,1585,1953,67,3300.0
1095,W 39TH AVENUE,11/20/2019,2273000,11,2191,2013,6,2537.5
1096,MAPLE STREET,9/18/2019,2700000,8,2645,1922,97,7789.6
1097,HAWKS AVENUE,10/15/2019,1265000,47,2394,1905,114,2684.0
1098,E 32ND AVENUE,2/11/2019,1925000,314,2253,2017,3,3295.0
1099,W 5TH AVENUE,5/24/2019,1715000,11,2679,1930,89,4092.0
1100,MCGILL STREET,8/21/2019,1125000,54,1520,1928,91,4081.0
1101,ST. GEORGE STREET,11/27/2019,1498000,17,2313,1975,44,4026.0
1102,W 41ST AVENUE,9/9/2019,1850000,3,2651,1925,94,4455.0
1103,E 3RD AVENUE,1/16/2020,1350000,20,2444,1965,55,4154.0
1104,E 5TH AVENUE,6/3/2019,1555000,7,2251,1912,107,2500.0
1105,E 48TH AVENUE,10/7/2019,2080714,27,2774,2019,0,3864.0
1106,WEBBER AVENUE,9/16/2019,1550000,10,1985,1910,109,2432.1
1107,NANAIMO STREET,5/21/2019,1360000,41,1682,2003,16,2940.0
1108,KEEFER STREET,1/3/2020,1189000,47,3189,1910,110,3050.0
1109,W KING EDWARD AVENUE,4/4/2020,2050000,19,3050,1973,47,4199.9
1110,1984 E 12TH AVENUE,2/6/2020,1375000,5,2168,1913,107,4026.0
1111,MAIN STREET,6/20/2019,1375000,15,3600,1953,66,5860.99
1112,W 16TH AVENUE,1/21/2019,2965000,180,2850,2018,1,4026.0
1113,W 46TH AVENUE,2/3/2020,2988000,42,3900,1986,34,7200.0
1114,CORNISH STREET,6/18/2019,2100000,1,3000,1994,25,5121.6
1115,E 60 AVENUE,2/7/2020,1250000,4,1822,1960,60,3861.0
1116,GOTHARD STREET,7/23/2019,1472000,7,2210,2001,18,4176.0
1117,E 7TH AVENUE,9/9/2019,2300000,9,3644,1992,27,6039.0
1118,TRAFALGAR STREET,2/17/2020,2890000,0,3249,1940,80,7420.0
1119,W 48TH AVENUE,4/8/2019,2700000,76,3495,1942,77,7270.0
1120,W 23RD AVENUE,2/4/2020,2570000,67,2779,1955,65,4026.0
1121,E 24TH AVENUE,11/12/2019,1650000,7,1860,1910,109,2416.35
1122,FRENCH STREET,6/11/2019,1680000,78,1618,1949,70,4327.73
1123,W 33 AVENUE,10/21/2019,2680000,2,3374,1937,82,7308.0
1124,ST. CATHERINES STREET,6/20/2019,1147000,2,1539,1946,73,3234.0
1125,E 27TH AVENUE,3/5/2020,1632000,1,2780,1994,26,3960.0
1126,E 49TH AVENUE,5/27/2019,1500000,133,2606,1967,52,6190.0
1127,E 28TH AVENUE,3/16/2020,1450000,0,1900,1957,63,4204.2
1128,W 15TH AVENUE,7/23/2019,2600000,25,2096,1941,78,6250.0
1129,E 57TH AVENUE,7/8/2019,1500000,29,2012,2012,7,3597.0
1130,E 29TH AVENUE,9/3/2019,1038000,65,1684,1979,40,2866.19
1131,E 61ST AVENUE,6/7/2019,1250000,114,1518,1944,75,3811.5
1132,RUPERT STREET,2/26/2020,1907619,15,3400,2020,0,3960.0
1133,KITCHENER STREET,9/24/2019,1470000,29,2538,1910,109,4026.0
1134,W 24TH AVENUE,4/8/2019,2200000,149,2293,1941,78,5008.15
1135,E 22ND AVENUE,8/29/2019,1188800,5,1344,1948,71,4469.0
1136,MCBAIN AVENUE,10/7/2019,2805000,18,2017,1955,64,6255.0
1137,W 8TH AVENUE,3/16/2019,2200000,119,2253,1987,32,3795.0
1138,NAPIER STREET,4/6/2020,1210000,1,2335,1942,78,3564.0
1139,OSLER STREET,7/10/2019,2488888,8,1872,1924,95,6000.0
1140,PRINCE EDWARD STREET,10/28/2019,1711000,8,2079,1910,109,2665.0
1141,LANARK STREET,9/20/2019,1450000,11,2272,1952,67,5001.66
1142,E 17TH AVENUE,6/24/2019,1630000,8,2501,1913,106,4026.0
1143,W 24TH AVENUE,10/15/2019,2250000,20,1786,1927,92,4310.13
1144,CHARLES STREET,1/13/2020,1432000,27,2098,1940,80,3802.78
1145,E 15TH AVENUE,2/13/2020,1408000,1,1927,1960,60,4045.0
1146,E 7TH AVENUE,2/29/2020,2190000,11,2631,1911,109,3132.0
1147,W KING EDWARD AVENUE,9/6/2019,2788000,43,3811,1990,29,6092.0
1148,SALSBURY DRIVE,8/27/2019,1310000,33,2364,2010,9,1762.0
1149,FAIRMONT STREET,7/29/2019,1140000,50,1981,1963,56,3283.0
1150,18TH AVENUE,8/29/2019,1500000,44,2794,1966,53,5458.0
1151,W 62ND AVENUE,3/20/2020,1555000,3,2161,1914,106,3998.61
1152,E 53RD AVENUE,1/8/2020,1780000,3,2572,1959,61,6014.0
1153,E 18TH AVENUE,6/29/2019,1388000,78,1826,2007,12,2494.0
1154,S KASLO STREET,2/3/2020,1680100,6,2938,1971,49,5856.0
1155,CASSIAR STREET,5/21/2019,1275000,17,1900,1994,25,3609.05
1156,W 33RD AVENUE,9/20/2019,2450000,81,3059,1930,89,7810.0
1157,E 2ND AVENUE,6/24/2019,1160000,10,2242,1927,92,4026.0
1158,E 28TH AVENUE,2/10/2020,1360000,6,1468,1942,78,4204.2
1159,CHEYENNE AVENUE,3/16/2020,1200000,7,2540,1968,52,4143.75
1160,W 69TH AVENUE,2/4/2020,2250000,31,2429,1953,67,6000.0
1161,E BROADWAY STREET,2/13/2020,1588000,5,1900,1948,72,4026.0
1162,W 43RD AVENUE,7/23/2019,2430000,55,2974,1975,44,4455.0
1163,E 22ND AVENUE,6/19/2019,1225000,84,1706,1909,110,3295.0
1164,OLIVER CRESCENT,6/13/2019,2800000,27,2282,1951,68,6220.47
1165,E 28TH AVENUE,6/10/2019,1320000,12,2440,1977,42,3960.0
1166,E 49TH AVENUE,12/9/2019,1238000,3,1665,1949,71,4106.36
1167,W 64TH AVENUE,12/21/2019,2900000,22,3215,2006,14,5346.86
1168,PRINCE ALBERT STREET,1/7/2020,1285000,1,2300,1958,62,3979.46
1169,CHARLES STREET,9/24/2019,1327000,11,1263,2017,2,1696.0
1170,MCGILL STREET,5/23/2019,1555000,50,2904,1928,91,6029.56
1171,E 28TH AVENUE,8/5/2019,2660000,22,4809,2016,3,6039.0
1172,EARLES STREET,7/10/2019,1065000,14,2400,1947,72,4007.52
1173,E 6TH AVENUE,9/3/2019,1638000,6,3586,1982,37,6039.0
1174,W 57TH AVENUE,5/2/2019,2050000,61,3298,1931,88,5600.0
1175,SE MARINE DRIVE,11/14/2019,935000,7,2010,1958,61,3201.0
1176,151/153 W 18TH AVENUE,10/25/2019,2250000,6,2611,1924,95,4537.5
1177,E PENDER STREET,7/17/2019,1900000,78,4419,2015,4,5115.0
1178,PRINCE EDWARD STREET,6/27/2019,1265000,0,1500,1957,62,3577.5
1179,W 31 AVENUE,3/16/2020,2240000,7,2530,1975,45,4318.0
1180,KEEFER STREET,8/27/2019,2100000,6,2727,1910,109,3050.0
1181,NANAIMO STREET,3/27/2020,1480000,3,2462,1964,56,4225.0
1182,W 41ST AVENUE,6/18/2019,2080000,15,2584,1947,72,7405.0
1183,W 49TH AVENUE,7/18/2019,2483810,4,2624,2018,1,3748.8
1184,E 60TH AVENUE,11/12/2019,1372000,60,2271,1982,38,3892.0
1185,MCKINNON STREET,1/23/2019,2825000,203,4625,2017,2,5500.0
1186,KERR STREET,3/2/2020,1252000,4,2553,1941,79,4121.7
1187,BERKELEY STREET,12/9/2019,1715000,27,2610,1994,26,4356.0
1188,WELLINGTON AVENUE,10/8/2019,1400000,22,2497,1970,49,5155.72
1189,E 44TH AVENUE,8/7/2019,1290000,62,1841,1944,75,3894.4
1190,W 23RD AVENUE,3/17/2020,2470000,6,2597,1911,109,4900.0
1191,WILTSHIRE STREET,11/1/2019,2700000,114,3841,1928,92,8775.0
1192,FLEMING STREET,1/20/2020,1030000,8,1600,1910,110,2722.5
1193,PRINCE EDWARD STREET,3/9/2020,950000,26,1601,1912,108,2382.36
1194,E 7TH AVENUE,1/20/2020,1660000,1,2322,1905,115,4026.0
1195,W 24TH AVENUE,4/29/2020,2315000,13,2235,1978,42,4026.0
1196,JASPER CRESCENT,1/27/2020,1869000,77,3578,1992,28,6348.0
1197,SHERBROOKE STREET,7/11/2019,1190000,3,945,1946,73,3234.0
1198,CHARLES STREET,9/4/2019,2048000,27,2066,2019,0,2732.8
1199,DUMFRIES STREET,9/12/2019,1885000,100,2857,2012,8,4049.0
1200,E 62ND AVENUE,5/26/2020,1601000,3,2119,1973,47,7000.0
1201,E 52ND AVENUE,11/1/2019,1844000,21,2728,2019,0,3978.0
1202,CASSIAR STREET,8/21/2019,1230000,28,2458,1966,53,4131.58
1203,WINDSOR STREET,1/22/2020,1500000,5,2136,1970,50,3300.0
1204,INVERNESS STREET,4/27/2020,1425000,25,1838,1910,110,3382.0
1205,W 27TH AVENUE,7/5/2019,3000000,38,2489,1945,74,7063.0
1206,FLEMING STREET,6/13/2019,1550000,105,2400,1993,26,4102.0
1207,NOOTKA STREET,10/24/2019,1430000,56,1791,1958,62,3435.3
1208,W 24TH AVENUE,8/20/2018,1900000,303,2287,1993,26,4029.3
1209,SEAFORTH DRIVE,8/20/2019,1230000,61,1570,1948,71,6088.62
1210,CLARENDON STREET,4/16/2019,1450000,112,2484,1964,55,4889.0
1211,WELWYN STREET,9/5/2019,1450000,56,2398,1927,92,3146.0
1212,W 6TH AVENUE,3/2/2020,2255000,55,2366,1927,93,3630.0
1213,CAMBRIDGE STREET,2/4/2019,1400000,207,2575,1909,110,4021.0
1214,E 52ND AVENUE,1/3/2020,1715000,44,3000,1979,41,4880.0
1215,PERRY STREET,7/5/2019,1145000,50,2310,1965,54,3861.0
1216,E 41ST AVENUE,6/14/2019,1313000,18,2230,1961,58,3795.0
1217,GRAVELEY STREET,9/16/2019,1188000,3,1980,1940,79,4254.5
1218,E 23RD AVENUE,12/30/2019,2100000,7,3450,2019,1,3960.0
1219,ATHLONE STREET,7/12/2019,2700000,4,3300,1927,92,8700.0
1220,W 22ND AVENUE,7/8/2019,2900000,6,2823,2003,16,4026.0
1221,E 27TH AVENUE,11/5/2019,1360000,6,1518,1945,74,4752.0
1222,E 50TH AVENUE,9/3/2019,1519000,9,2395,1912,107,4356.0
1223,GRANDVIEW HIGHWAY,6/19/2019,1110000,6,2523,1937,82,4866.8
1224,E 7TH AVENUE,10/3/2019,1510000,0,1894,1923,96,4191.0
1225,E 40TH AVENUE,3/29/2019,1880000,204,3151,2003,16,5605.6
1226,E 64TH AVENUE,12/2/2019,1433000,3,2577,1992,27,3960.0
1227,ROSEDALE DRIVE,2/12/2020,1716250,22,2797,1968,52,6960.0
1228,E 53RD AVENUE,11/14/2018,1830000,370,2336,1996,23,3897.0
1229,PUGET DRIVE,10/8/2019,3000000,8,2997,2016,3,3513.34
1230,E 58TH AVENUE,7/19/2019,2600000,48,3744,2015,4,5117.5
1231,W 12TH AVENUE,10/24/2019,2800000,7,2444,1995,24,4026.0
1232,E 59TH AVENUE,4/8/2020,2400000,31,3720,2019,1,4242.6
1233,E 24TH AVENUE,1/27/2020,1555000,7,2442,1924,96,3414.0
1234,W 46TH AVENUE,10/1/2019,2950000,121,2814,2016,4,3919.0
1235,DUNBAR STREET,3/11/2019,2761905,85,3082,2019,0,3630.0
1236,W 24TH AVENUE,6/10/2019,2850000,21,2594,2009,10,4323.0
1237,E 29TH AVENUE,8/12/2019,1240200,20,2525,1973,46,3544.0
1238,W 52ND AVENUE,2/27/2020,2500000,5,4370,1959,61,6957.0
1239,E 5TH AVENUE,6/4/2019,1235000,6,1774,1927,92,4154.0
1240,TODERICK STREET,6/19/2019,1988000,5,3745,1972,47,11351.0
1241,FRENCH STREET,12/29/2018,2715000,264,2971,2011,8,4111.0
1242,PANDORA STREET,11/29/2019,1475000,9,2849,1941,78,4026.0
1243,WATERLOO STREET,3/18/2020,1900000,50,2252,1927,93,3960.0
1244,GOTHARD STREET,7/1/2019,1085000,95,1673,1926,93,3630.0
1245,STAMFORD STREET,5/1/2019,1190000,209,1459,1959,60,4818.0
1246,W 20TH AVENUE,7/24/2019,2848000,20,2475,1991,28,4026.0
1247,LINCOLN STREET,3/25/2019,1438000,162,3172,1929,90,6276.0
1248,E 54TH AVENUE,2/19/2020,1950000,65,3850,1981,39,8745.0
1249,W 11TH AVENUE,2/19/2020,2300000,8,2270,1932,88,4019.4
1250,BATTISON STREET,7/16/2019,1588000,13,2628,1970,49,6534.0
1251,E 2ND AVENUE,4/20/2020,1450000,7,2106,1926,94,4026.0
1252,BALSAM STREET,5/21/2019,1746000,30,2214,1922,97,3450.0
1253,LAKEWOOD DRIVE,5/10/2019,1150000,55,1950,1928,91,3416.0
1254,SHERBROOKE STREET,2/20/2020,1470000,6,2304,1984,36,4026.0
1255,W 61ST AVENUE,10/28/2019,1750000,6,2589,1977,42,4286.7
1256,E 14TH AVENUE,11/25/2019,1985000,14,2651,1927,92,6350.0
1257,E 28 AVENUE,6/14/2019,1070000,34,1730,1932,87,3729.0
1258,ROSS STREET,7/8/2019,953000,35,1572,1946,73,3234.0
1259,CHURCH STREET,7/10/2019,960000,56,1700,1930,89,4026.0
1260,E 21ST AVENUE,9/26/2019,1250000,2,2250,1993,26,4026.0
1261,PRINCE EDWARD STREET,3/16/2020,1960000,7,2017,1993,27,3577.5
1262,BATTISON STREET,3/22/2019,1030000,131,1700,1930,89,4356.0
1263,W 17TH AVENUE,5/21/2019,1820000,55,2392,1927,92,4023.36
1264,ELLIOTT STREET,10/28/2019,1386000,2,2020,1962,57,5567.07
1265,E 61ST AVENUE,2/27/2020,1350000,26,2432,1957,63,3795.0
1266,E 51ST AVENUE,9/3/2019,1275000,2,1786,1946,73,4026.0
1267,VICTORIA DRIVE,3/16/2020,1599000,5,2503,1912,108,4026.0
1268,E 28TH AVENUE,1/10/2020,1268000,2,1790,1957,63,3762.0
1269,E 5TH AVENUE,7/2/2019,1300000,4,2578,1967,52,4154.0
1270,TRINITY STREET,7/8/2019,2285714,33,3327,2019,0,4088.0
1271,E 54TH AVENUE,7/15/2019,1165000,24,1836,1955,64,3894.0
1272,DUNDAS STREET,7/1/2019,1200000,10,1977,1949,70,4057.0
1273,W 22ND AVENUE,3/21/2020,2450000,20,2754,1930,90,4026.0
1274,W 27TH AVENUE,3/3/2020,2350000,1,2578,1926,94,6443.42
1275,E 1ST AVENUE,2/3/2019,2125000,321,2621,1904,116,6214.72
1276,E 27 AVENUE,4/23/2019,1258000,56,1845,1955,64,4752.0
1277,W 50TH AVENUE,11/1/2019,2135000,125,1980,1948,72,7809.0
1278,E 31ST AVENUE,3/18/2020,1903000,5,2562,2005,15,3150.0
1279,ONTARIO STREET,7/24/2019,1928000,6,2017,1977,42,2643.0
1280,INVERNESS STREET,3/19/2019,1540000,78,2262,2000,19,4343.0
1281,NAPIER STREET,11/4/2019,1210000,122,1710,1944,76,3564.0
1282,E 4TH AVENUE,7/15/2019,1590000,8,1953,1928,91,4026.0
1283,ANZIO DRIVE,7/2/2019,1820000,6,3979,1989,30,6600.0
1284,W 11TH AVENUE,3/2/2020,2585000,7,2558,1932,88,4026.0
1285,W 14TH AVENUE,3/9/2020,2780000,8,2447,1994,26,4026.0
1286,KERR STREET,9/16/2019,1518000,14,2454,1966,53,5404.0
1287,CYPRESS STREET,5/30/2019,3000000,6,4040,1928,91,8580.0
1288,W 6TH AVENUE,5/29/2019,2135000,26,2985,1920,99,3630.0
1289,LANARK STREET,10/23/2019,1361400,5,2630,1982,37,4049.0
1290,MANOR STREET,3/16/2019,880000,257,1747,1911,108,3267.0
1291,E 61ST AVENUE,8/21/2019,1029000,38,1700,1953,66,3465.0
1292,E 6TH AVENUE,1/10/2020,1425000,24,2090,1969,51,4026.0
1293,E 19TH AVENUE,10/8/2019,1909750,12,2100,2013,6,3019.5
1294,E 12TH AVENUE,3/25/2020,1050000,22,2200,1912,108,4092.0
1295,INVERNESS STREET,4/1/2019,1180000,279,1840,1910,110,3383.0
1296,E 24TH AVENUE,9/16/2019,1375000,12,2337,1948,71,4026.0
1297,E 22ND AVENUE,1/22/2020,1930000,22,4272,1928,92,5696.17
1298,W KING EDWARD AVENUE,8/22/2019,2630000,42,3035,1939,80,7456.0
1299,E 52ND AVENUE,8/17/2019,1450000,14,2282,1974,45,3993.0
1300,PRINCE ALBERT STREET,2/24/2020,2798000,4,3501,2016,4,3960.0
1301,MILLER STREET,4/5/2019,900000,194,2440,1912,107,3297.0
1302,E 39TH AVENUE,3/3/2020,1600000,7,2627,1974,46,4697.0
